Mean,Date,low,high
7.9091575145721436,1982-01-01,6.0076375007629395,9.05463981628418
5.948064565658569,1982-02-01,4.160014271736145,7.17880392074585
5.6375367641448975,1982-03-01,4.021502137184143,7.060947895050049
7.3561646938323975,1982-04-01,6.015849590301514,8.801241397857666
11.433996677398682,1982-05-01,10.082677841186523,12.943807125091553
16.620391845703125,1982-06-01,15.350566387176514,17.827956199645996
20.75962543487549,1982-07-01,19.63327407836914,22.03902244567871
21.88675022125244,1982-08-01,21.043211936950684,23.27088451385498
20.092638969421387,1982-09-01,19.16612434387207,21.601654052734375
16.58426284790039,1982-10-01,15.212004661560059,17.676005363464355
12.951635837554932,1982-11-01,11.451475143432617,15.219015121459961
10.420180320739746,1982-12-01,9.464670181274414,12.556400775909424
7.616576194763184,1983-01-01,6.317348003387451,8.973977088928223
5.513138294219971,1983-02-01,4.3312296867370605,7.058340072631836
5.230994701385498,1983-03-01,3.784337043762207,7.169531345367432
7.001404523849487,1983-04-01,5.33436918258667,8.36468505859375
11.164335250854492,1983-05-01,9.616225242614746,13.09047555923462
16.152963161468506,1983-06-01,14.676953315734863,18.207036018371582
20.342023849487305,1983-07-01,18.905012130737305,21.90525722503662
21.431546211242676,1983-08-01,20.03354263305664,23.232962608337402
19.64024829864502,1983-09-01,17.986443519592285,20.955554008483887
16.240468978881836,1983-10-01,14.78474760055542,17.44044589996338
12.712530136108398,1983-11-01,11.604066371917725,13.673855304718018
9.834898471832275,1983-12-01,8.101353168487549,11.536219596862793
7.071260690689087,1984-01-01,5.837135314941406,8.599455833435059
5.37793231010437,1984-02-01,4.28496527671814,6.87653374671936
5.048430681228638,1984-03-01,3.660695433616638,6.818357467651367
6.872560739517212,1984-04-01,5.408450365066528,8.307865142822266
11.084981918334961,1984-05-01,9.585489273071289,12.413966178894043
16.11319065093994,1984-06-01,14.796391487121582,17.298187255859375
20.568464279174805,1984-07-01,19.131991386413574,21.980603218078613
21.97078037261963,1984-08-01,20.45783805847168,23.37905502319336
20.111205101013184,1984-09-01,18.273025512695312,21.804951667785645
16.560372352600098,1984-10-01,15.604240894317627,17.595285415649414
13.058156490325928,1984-11-01,11.765963554382324,14.438987255096436
10.413149356842041,1984-12-01,9.307690143585205,11.774758338928223
7.511747360229492,1985-01-01,6.298371315002441,8.639795780181885
5.640270948410034,1985-02-01,4.4031219482421875,6.7457897663116455
5.18878436088562,1985-03-01,3.7535446882247925,6.586770057678223
7.05692720413208,1985-04-01,5.704686164855957,8.486689567565918
11.14116907119751,1985-05-01,9.650163650512695,12.464539051055908
16.271119117736816,1985-06-01,14.601556777954102,17.531147956848145
20.834285736083984,1985-07-01,19.7448091506958,21.800857543945312
22.31870937347412,1985-08-01,21.43787956237793,23.328099250793457
20.411151885986328,1985-09-01,19.18490982055664,21.74210548400879
16.80911636352539,1985-10-01,15.62071180343628,17.925374031066895
13.209437370300293,1985-11-01,11.937108039855957,14.14222240447998
10.241108894348145,1985-12-01,9.063531875610352,11.6075439453125
7.341186761856079,1986-01-01,6.254653692245483,8.666365623474121
5.795003652572632,1986-02-01,4.612558126449585,7.062017917633057
5.790208578109741,1986-03-01,4.353378415107727,7.226515769958496
7.209347486495972,1986-04-01,5.720611810684204,8.75112247467041
10.948737621307373,1986-05-01,9.458486557006836,12.34338903427124
16.415006637573242,1986-06-01,15.179837226867676,17.697729110717773
21.063515663146973,1986-07-01,20.22175121307373,22.286136627197266
21.675418853759766,1986-08-01,20.3135929107666,23.121328353881836
19.93406581878662,1986-09-01,18.41847038269043,21.506927490234375
16.47688388824463,1986-10-01,14.76769208908081,18.136554718017578
12.951163291931152,1986-11-01,11.020359516143799,14.948052883148193
10.451009750366211,1986-12-01,9.334831714630127,11.612676620483398
7.6460490226745605,1987-01-01,6.5635950565338135,8.731252670288086
5.826550722122192,1987-02-01,4.407064199447632,6.688832759857178
5.4790894985198975,1987-03-01,4.1245832443237305,6.451979160308838
7.276009798049927,1987-04-01,5.97933292388916,8.750720977783203
11.117828845977783,1987-05-01,9.665647029876709,12.897648334503174
16.23498821258545,1987-06-01,15.117079257965088,17.369075775146484
20.70247459411621,1987-07-01,19.72977638244629,21.54463768005371
21.823477745056152,1987-08-01,20.97294330596924,22.606362342834473
19.903274536132812,1987-09-01,18.692096710205078,20.83531379699707
16.425128936767578,1987-10-01,15.200196743011475,17.41762638092041
12.92808198928833,1987-11-01,12.310818195343018,14.115553379058838
10.186917781829834,1987-12-01,9.173707008361816,11.315322399139404
7.492711544036865,1988-01-01,6.194819211959839,8.364068508148193
5.491018533706665,1988-02-01,4.3535754680633545,6.531278848648071
5.228824615478516,1988-03-01,4.463285684585571,6.256479978561401
6.843158721923828,1988-04-01,5.6804986000061035,8.018548727035522
10.73183298110962,1988-05-01,8.81339693069458,12.338573455810547
16.448044776916504,1988-06-01,14.493130683898926,18.021196365356445
20.848133087158203,1988-07-01,19.146986961364746,22.456031799316406
21.817272186279297,1988-08-01,20.06430149078369,23.50505828857422
20.434728622436523,1988-09-01,18.808271408081055,21.88469696044922
16.628055572509766,1988-10-01,15.217314720153809,17.850895881652832
12.954514503479004,1988-11-01,11.879026889801025,13.936885356903076
10.34086275100708,1988-12-01,8.895115852355957,11.62236738204956
7.782674312591553,1989-01-01,6.2701592445373535,9.671247005462646
6.12037205696106,1989-02-01,4.851437330245972,7.8577048778533936
5.694551944732666,1989-03-01,4.740441799163818,6.820052623748779
7.304272413253784,1989-04-01,6.2341649532318115,8.306297302246094
11.49154806137085,1989-05-01,10.472293376922607,12.657081127166748
16.537293434143066,1989-06-01,15.487729549407959,17.742358207702637
20.97518539428711,1989-07-01,19.480290412902832,22.56108856201172
22.246163368225098,1989-08-01,21.02381420135498,23.352312088012695
20.415274620056152,1989-09-01,19.245412826538086,21.696796417236328
16.758838653564453,1989-10-01,15.628872394561768,18.46862506866455
13.23832082748413,1989-11-01,11.985238075256348,15.214288234710693
10.402709007263184,1989-12-01,8.999778270721436,12.099685192108154
7.500080347061157,1990-01-01,6.485720872879028,8.844965934753418
5.553239107131958,1990-02-01,4.11158299446106,6.732760190963745
5.160133600234985,1990-03-01,3.6353996992111206,7.2778637409210205
6.948235034942627,1990-04-01,5.376483678817749,9.061816692352295
11.095844268798828,1990-05-01,9.783455848693848,12.43181037902832
16.29197883605957,1990-06-01,14.658456802368164,17.63286590576172
20.7144136428833,1990-07-01,19.531004905700684,21.735836029052734
22.185708045959473,1990-08-01,21.19935417175293,23.067556381225586
20.491230010986328,1990-09-01,19.083470344543457,21.51305389404297
16.694924354553223,1990-10-01,14.860094547271729,18.28850746154785
13.215799808502197,1990-11-01,11.960275650024414,14.864633083343506
10.328527450561523,1990-12-01,8.769861698150635,11.79259729385376
7.601677894592285,1991-01-01,5.954576730728149,8.87901258468628
6.054441213607788,1991-02-01,4.387123107910156,8.03406548500061
5.7325098514556885,1991-03-01,3.9978907108306885,7.54056191444397
7.287476062774658,1991-04-01,5.793964385986328,8.84451675415039
11.25109052658081,1991-05-01,9.70659065246582,12.82835578918457
16.500292778015137,1991-06-01,14.441144466400146,18.325450897216797
20.983647346496582,1991-07-01,19.396831512451172,22.297490119934082
21.79716682434082,1991-08-01,19.934432983398438,23.403329849243164
19.942893028259277,1991-09-01,18.622177124023438,21.302538871765137
16.28810977935791,1991-10-01,15.02934741973877,17.30770778656006
13.113648891448975,1991-11-01,12.200774669647217,14.014698505401611
10.600544929504395,1991-12-01,9.624226570129395,11.677338123321533
7.7305591106414795,1992-01-01,6.714221954345703,8.865386009216309
5.809417009353638,1992-02-01,4.422141790390015,6.9215147495269775
5.478144884109497,1992-03-01,4.139666557312012,6.224674940109253
7.198428630828857,1992-04-01,5.83623194694519,8.625799179077148
10.958051204681396,1992-05-01,9.635577201843262,11.97140884399414
16.29567527770996,1992-06-01,14.45003080368042,17.56408405303955
20.728328704833984,1992-07-01,19.460540771484375,21.873817443847656
22.30584716796875,1992-08-01,20.95390796661377,23.830820083618164
20.2418212890625,1992-09-01,19.30165672302246,21.50544261932373
16.51103115081787,1992-10-01,15.262980461120605,17.960000038146973
12.683574199676514,1992-11-01,11.226387977600098,14.197920322418213
9.357128143310547,1992-12-01,7.8748619556427,10.674729824066162
6.736744165420532,1993-01-01,5.523113250732422,8.135828018188477
5.072483777999878,1993-02-01,3.7754658460617065,6.156327724456787
4.846350908279419,1993-03-01,3.705424189567566,6.083746910095215
6.88232421875,1993-04-01,5.52827787399292,7.860660076141357
10.95189619064331,1993-05-01,9.606300830841064,12.21855878829956
16.30734395980835,1993-06-01,15.066630840301514,17.86935806274414
20.60972309112549,1993-07-01,19.52795696258545,21.880826950073242
21.831369400024414,1993-08-01,20.844486236572266,22.916545867919922
20.103039741516113,1993-09-01,18.82649040222168,21.318629264831543
16.544045448303223,1993-10-01,15.399173736572266,17.974069595336914
13.11371660232544,1993-11-01,11.790801048278809,14.122793674468994
10.240845203399658,1993-12-01,9.094843864440918,11.437808990478516
7.312175750732422,1994-01-01,6.3787147998809814,8.3382089138031
5.66020131111145,1994-02-01,4.926246404647827,7.053223133087158
5.50810694694519,1994-03-01,4.734577655792236,6.637227535247803
7.5748326778411865,1994-04-01,6.500157117843628,8.810997009277344
11.658421039581299,1994-05-01,10.056682586669922,13.044302463531494
16.950894355773926,1994-06-01,15.403044700622559,18.316218376159668
21.293163299560547,1994-07-01,20.226346015930176,22.782764434814453
21.925779342651367,1994-08-01,20.648890495300293,23.03157138824463
20.156020164489746,1994-09-01,19.03151226043701,21.952173233032227
16.780095100402832,1994-10-01,15.435705661773682,18.239994049072266
13.360794067382812,1994-11-01,12.321815013885498,14.659469604492188
10.308886051177979,1994-12-01,9.332477569580078,11.115506172180176
7.277270793914795,1995-01-01,5.87284255027771,8.5707550048828125
5.474825143814087,1995-02-01,4.010188698768616,6.873104572296143
5.2995264530181885,1995-03-01,3.7072677612304688,6.70482063293457
7.069289445877075,1995-04-01,5.354387283325195,8.536076545715332
11.118457317352295,1995-05-01,9.713649272918701,12.476473331451416
16.443808555603027,1995-06-01,15.275079727172852,17.57262897491455
21.0484619140625,1995-07-01,19.51630210876465,22.217174530029297
22.069772720336914,1995-08-01,20.980287551879883,23.11820411682129
20.218104362487793,1995-09-01,19.024250984191895,21.27016258239746
16.48541831970215,1995-10-01,15.440725326538086,17.798985481262207
13.363737106323242,1995-11-01,12.394442558288574,14.63913869857788
10.769886016845703,1995-12-01,9.714149475097656,11.84011459350586
8.190951585769653,1996-01-01,6.913702011108398,9.707929134368896
6.338740825653076,1996-02-01,5.042911052703857,7.7951672077178955
5.943024158477783,1996-03-01,4.943029880523682,7.177855014801025
7.64702296257019,1996-04-01,6.494364500045776,8.729050636291504
11.518728733062744,1996-05-01,10.189201831817627,12.98293161392212
16.70618438720703,1996-06-01,15.499799728393555,17.84802532196045
20.85099983215332,1996-07-01,19.252676963806152,22.361967086791992
22.24733257293701,1996-08-01,21.154654502868652,23.430392265319824
20.47677516937256,1996-09-01,19.231300354003906,21.49032688140869
16.49161148071289,1996-10-01,14.846498489379883,17.536325454711914
13.206953525543213,1996-11-01,11.447038173675537,14.60582447052002
10.554762840270996,1996-12-01,9.034282207489014,11.940748691558838
7.688181400299072,1997-01-01,6.3380351066589355,9.337320327758789
5.775380849838257,1997-02-01,4.338800549507141,7.242231369018555
5.475480794906616,1997-03-01,3.943775177001953,6.7693986892700195
7.397738933563232,1997-04-01,6.133992910385132,8.607704639434814
11.269032001495361,1997-05-01,10.006294250488281,12.610675811767578
16.59779644012451,1997-06-01,15.083210468292236,17.520014762878418
21.32536220550537,1997-07-01,20.34832763671875,22.456369400024414
22.552574157714844,1997-08-01,21.269590377807617,23.63690948486328
20.563862800598145,1997-09-01,19.50283718109131,21.757479667663574
17.220760345458984,1997-10-01,16.088048934936523,18.80759906768799
13.482903003692627,1997-11-01,11.628415584564209,15.073765754699707
10.566325664520264,1997-12-01,8.842257022857666,11.959309101104736
7.516895294189453,1998-01-01,6.407158374786377,8.830024719238281
5.709035396575928,1998-02-01,4.477558016777039,6.972605466842651
5.382574796676636,1998-03-01,3.8117464780807495,6.77897310256958
6.912788152694702,1998-04-01,5.595788955688477,8.055033922195435
10.960870742797852,1998-05-01,9.91440200805664,12.490556716918945
16.220211029052734,1998-06-01,15.000385761260986,17.868184089660645
20.93904209136963,1998-07-01,19.445069313049316,22.48869514465332
22.302677154541016,1998-08-01,21.37399387359619,23.415115356445312
20.50112533569336,1998-09-01,19.715784072875977,21.525246620178223
17.05579376220703,1998-10-01,16.229432106018066,18.125856399536133
13.60846471786499,1998-11-01,12.329626560211182,14.908070087432861
10.980984687805176,1998-12-01,9.83200740814209,12.195741653442383
8.28789234161377,1999-01-01,6.946889162063599,9.313498497009277
6.452924013137817,1999-02-01,5.096627950668335,7.492507457733154
5.8802454471588135,1999-03-01,4.761627435684204,6.8442816734313965
7.531820058822632,1999-04-01,6.660116910934448,8.626089096069336
11.43687915802002,1999-05-01,10.464990615844727,12.457449436187744
16.591361045837402,1999-06-01,15.746245384216309,17.53861427307129
21.346515655517578,1999-07-01,19.889278411865234,22.489609718322754
22.177359580993652,1999-08-01,21.16259765625,23.688047409057617
20.662817001342773,1999-09-01,19.625155448913574,22.06593894958496
17.44494342803955,1999-10-01,16.571611404418945,18.43814754486084
13.81262493133545,1999-11-01,12.470524787902832,15.12534475326538
10.492568016052246,1999-12-01,9.403749465942383,11.692203521728516
7.723160266876221,2000-01-01,6.677450180053711,8.8285231590271
5.9698262214660645,2000-02-01,4.229565620422363,7.409307956695557
5.63599705696106,2000-03-01,4.256141901016235,6.986612558364868
7.329639673233032,2000-04-01,6.012976884841919,8.378013372421265
11.065726280212402,2000-05-01,9.69769811630249,12.342443466186523
16.439866065979004,2000-06-01,15.020018100738525,17.500267028808594
21.131105422973633,2000-07-01,19.636234283447266,22.301864624023438
22.34617042541504,2000-08-01,21.29349994659424,23.450196266174316
20.572866439819336,2000-09-01,19.02309799194336,21.84617328643799
16.96360492706299,2000-10-01,15.73976755142212,17.88102436065674
13.613495826721191,2000-11-01,12.594095706939697,14.873692512512207
10.4052414894104,2000-12-01,8.940037727355957,11.668643474578857
7.696489095687866,2001-01-01,6.302337408065796,8.832627296447754
5.631143808364868,2001-02-01,4.189026832580566,6.853286504745483
5.111942291259766,2001-03-01,3.7855730056762695,6.552849531173706
7.241342782974243,2001-04-01,5.771868705749512,9.024182319641113
11.500718116760254,2001-05-01,10.227607727050781,13.070172309875488
16.543213844299316,2001-06-01,15.24502420425415,18.359798431396484
21.044419288635254,2001-07-01,19.50505828857422,22.741625785827637
22.398076057434082,2001-08-01,21.059062004089355,23.619742393493652
20.759060859680176,2001-09-01,19.40396213531494,22.05118465423584
17.062358856201172,2001-10-01,16.078332901000977,18.290690422058105
13.629475593566895,2001-11-01,12.280319213867188,14.765413284301758
10.856940746307373,2001-12-01,9.432019233703613,11.954307556152344
8.06935429573059,2002-01-01,6.519533634185791,9.17424201965332
6.076150417327881,2002-02-01,4.677928686141968,7.454562425613403
5.780615329742432,2002-03-01,4.253888368606567,7.46898078918457
7.405614376068115,2002-04-01,5.88125467300415,8.75024700164795
11.565652847290039,2002-05-01,9.839902400970459,12.83750295639038
16.8599796295166,2002-06-01,15.585402488708496,18.065985679626465
21.45229721069336,2002-07-01,20.433886528015137,22.763540267944336
22.5210018157959,2002-08-01,21.11799716949463,23.75474739074707
21.099404335021973,2002-09-01,19.836588859558105,21.944425582885742
17.23925495147705,2002-10-01,15.53054428100586,18.711647987365723
13.606002807617188,2002-11-01,12.346783638000488,14.667736530303955
10.84894323348999,2002-12-01,9.722846984863281,12.00205373764038
7.978927850723267,2003-01-01,6.644925832748413,9.006251811981201
6.010658264160156,2003-02-01,5.07548975944519,7.104981422424316
5.553486347198486,2003-03-01,4.417300224304199,6.7161219120025635
7.2066450119018555,2003-04-01,5.6345343589782715,8.584350109100342
11.203582286834717,2003-05-01,9.429542541503906,12.583930492401123
16.75670337677002,2003-06-01,15.413484573364258,18.021081924438477
21.26487159729004,2003-07-01,19.50078773498535,22.689985275268555
22.610429763793945,2003-08-01,21.266447067260742,24.120895385742188
20.858219146728516,2003-09-01,19.79901123046875,22.491758346557617
17.3767671585083,2003-10-01,16.447986602783203,18.610422134399414
13.519353866577148,2003-11-01,12.425207138061523,14.569104194641113
10.533732414245605,2003-12-01,9.237957954406738,11.742133140563965
7.629501581192017,2004-01-01,6.251307964324951,9.162819385528564
5.962810277938843,2004-02-01,4.18030059337616,7.636071681976318
5.611809730529785,2004-03-01,4.027563452720642,7.0840277671813965
7.5465638637542725,2004-04-01,5.9364073276519775,8.875226974487305
11.633765697479248,2004-05-01,10.49596118927002,13.231637477874756
17.056560516357422,2004-06-01,15.969640731811523,18.206876754760742
21.648723602294922,2004-07-01,20.34880256652832,22.772449493408203
22.846646308898926,2004-08-01,21.248842239379883,24.092933654785156
21.062026023864746,2004-09-01,19.856922149658203,22.113045692443848
17.559636116027832,2004-10-01,16.173832893371582,18.736248016357422
13.681236743927002,2004-11-01,12.376351356506348,14.890347480773926
10.702217102050781,2004-12-01,9.2825775146484375,12.3638596534729
7.824797630310059,2005-01-01,6.435710906982422,8.826372146606445
6.04063868522644,2005-02-01,4.8196327686309814,7.21261739730835
5.877593278884888,2005-03-01,4.627013444900513,7.049189805984497
7.490088701248169,2005-04-01,5.598157644271851,8.957676887512207
11.407393455505371,2005-05-01,9.982470035552979,12.457112789154053
16.8795108795166,2005-06-01,15.14688491821289,18.269701957702637
21.39048671722412,2005-07-01,19.95363426208496,22.77772808074951
22.54103374481201,2005-08-01,20.62574005126953,23.8269624710083
20.736875534057617,2005-09-01,19.146634101867676,22.50260829925537
17.55018424987793,2005-10-01,16.057871341705322,19.249897003173828
13.952526092529297,2005-11-01,12.833920001983643,15.246965885162354
11.064339637756348,2005-12-01,9.559993743896484,12.62055778503418
7.837813138961792,2006-01-01,6.666858911514282,9.131682872772217
6.0911877155303955,2006-02-01,4.489057540893555,7.449942111968994
5.537912845611572,2006-03-01,4.408704519271851,6.4102208614349365
7.519934892654419,2006-04-01,6.408753871917725,8.528214931488037
11.491762638092041,2006-05-01,10.641205310821533,12.70151662826538
16.921798706054688,2006-06-01,15.706676483154297,17.908625602722168
21.48677158355713,2006-07-01,20.643083572387695,22.515018463134766
22.621493339538574,2006-08-01,21.107219696044922,24.2025146484375
20.911216735839844,2006-09-01,19.43064594268799,22.390731811523438
17.15687370300293,2006-10-01,15.569535255432129,17.952486991882324
13.7073335647583,2006-11-01,12.48987865447998,14.901326179504395
10.83462381362915,2006-12-01,9.804948329925537,11.943461418151855
8.240038394927979,2007-01-01,7.252766370773315,9.459453105926514
6.350834131240845,2007-02-01,5.171442031860352,7.466718435287476
5.921350002288818,2007-03-01,4.65595006942749,7.2419610023498535
7.7248899936676025,2007-04-01,6.3177735805511475,9.183815956115723
11.771355152130127,2007-05-01,10.299981117248535,13.016891956329346
17.031137466430664,2007-06-01,15.434929847717285,18.238394737243652
21.291922569274902,2007-07-01,19.78190803527832,22.77446460723877
22.696946144104004,2007-08-01,21.385669708251953,23.993505477905273
20.96371555328369,2007-09-01,19.31308937072754,22.034749031066895
17.524843215942383,2007-10-01,15.983886241912842,18.69356918334961
14.115138530731201,2007-11-01,12.73286247253418,15.467835903167725
11.034471988677979,2007-12-01,9.711549282073975,12.374239921569824
8.402148008346558,2008-01-01,6.743607997894287,10.167949676513672
6.5619282722473145,2008-02-01,5.342381000518799,8.190248727798462
6.244821548461914,2008-03-01,5.34079122543335,7.190423250198364
7.877329587936401,2008-04-01,7.094731330871582,8.64522409439087
11.823482036590576,2008-05-01,10.723524570465088,13.22966194152832
16.82525634765625,2008-06-01,14.832891941070557,18.27585220336914
21.467185974121094,2008-07-01,20.223153114318848,22.59407329559326
22.78171157836914,2008-08-01,21.207018852233887,24.04088306427002
20.99978542327881,2008-09-01,19.23556900024414,22.606422424316406
17.46522617340088,2008-10-01,15.922224044799805,18.65183162689209
13.914670467376709,2008-11-01,12.930512428283691,15.179206848144531
11.146957397460938,2008-12-01,9.883832454681396,12.762763977050781
8.443855285644531,2009-01-01,7.263675928115845,9.708456993103027
6.473180532455444,2009-02-01,5.299776315689087,7.721015930175781
5.831173896789551,2009-03-01,4.616116046905518,7.1685662269592285
7.4981207847595215,2009-04-01,6.293689012527466,9.552164077758789
11.635178565979004,2009-05-01,10.180966854095459,12.920164108276367
16.945645332336426,2009-06-01,15.317581176757812,18.565747261047363
21.613064765930176,2009-07-01,19.70510482788086,22.951729774475098
22.6646089553833,2009-08-01,20.627694129943848,23.91545009613037
20.734562873840332,2009-09-01,19.74260711669922,21.505210876464844
17.70065402984619,2009-10-01,16.357332229614258,19.025299072265625
13.973240852355957,2009-11-01,12.770415306091309,14.948222160339355
11.16184139251709,2009-12-01,10.021403789520264,12.689975261688232
8.177229881286621,2010-01-01,7.069798707962036,9.666738033294678
6.16125750541687,2010-02-01,4.524766683578491,7.820790767669678
5.3970606327056885,2010-03-01,3.709836959838867,7.108189821243286
7.34148383140564,2010-04-01,5.6806817054748535,8.921384334564209
11.622779369354248,2010-05-01,10.226632595062256,13.06455659866333
17.193381309509277,2010-06-01,15.939597606658936,18.352893829345703
21.57169532775879,2010-07-01,20.349617958068848,22.69264030456543
22.78751850128174,2010-08-01,21.22190284729004,24.549785614013672
20.938597679138184,2010-09-01,19.607579231262207,22.450846672058105
17.426892280578613,2010-10-01,15.87684154510498,18.367904663085938
14.00153923034668,2010-11-01,13.17143440246582,15.520845890045166
10.944840908050537,2010-12-01,9.409379005432129,12.40660572052002
8.162282466888428,2011-01-01,6.507294654846191,9.955544471740723
6.364275932312012,2011-02-01,4.952846050262451,7.641448736190796
5.87017035484314,2011-03-01,3.8098206520080566,6.921683073043823
7.729562520980835,2011-04-01,6.286010503768921,8.981926918029785
11.650143146514893,2011-05-01,10.154440879821777,13.15053415298462
16.813037872314453,2011-06-01,15.543413639068604,18.54250717163086
21.368759155273438,2011-07-01,19.374744415283203,23.2050142288208
22.86388874053955,2011-08-01,21.66498565673828,23.905588150024414
21.164794921875,2011-09-01,20.049845695495605,22.565689086914062
17.531495094299316,2011-10-01,16.288460731506348,18.901864051818848
13.721420764923096,2011-11-01,12.143775939941406,14.715527534484863
10.607062816619873,2011-12-01,9.3114652633667,12.015565872192383
7.779387712478638,2012-01-01,6.272052764892578,9.317862033843994
6.066174030303955,2012-02-01,4.011829257011414,7.899795293807983
5.650061130523682,2012-03-01,3.430483102798462,7.351189136505127
7.485457420349121,2012-04-01,5.962942600250244,9.333340644836426
11.520559310913086,2012-05-01,10.091479301452637,13.544675350189209
16.60812282562256,2012-06-01,14.573280334472656,18.117921829223633
21.272664070129395,2012-07-01,18.796886444091797,22.82886505126953
22.78302001953125,2012-08-01,20.56447982788086,23.953475952148438
20.940719604492188,2012-09-01,19.0029239654541,22.559354782104492
17.596519470214844,2012-10-01,15.976454257965088,19.210373878479004
14.060966491699219,2012-11-01,13.090579986572266,15.195196151733398
11.427150249481201,2012-12-01,10.477715492248535,12.472908973693848
8.441112995147705,2013-01-01,7.178977727890015,9.111054420471191
6.590601921081543,2013-02-01,5.3947179317474365,8.440371990203857
6.153476238250732,2013-03-01,4.880195140838623,7.195346355438232
8.09426212310791,2013-04-01,6.514769077301025,10.127468585968018
12.23435926437378,2013-05-01,10.952443599700928,14.486854076385498
17.680663108825684,2013-06-01,16.743529319763184,19.008562088012695
22.128740310668945,2013-07-01,20.891054153442383,23.618762969970703
23.155367851257324,2013-08-01,21.391618728637695,25.170660972595215
21.037878036499023,2013-09-01,19.351662635803223,22.678017616271973
17.456557273864746,2013-10-01,15.884454727172852,18.828771591186523
13.965375900268555,2013-11-01,12.746416091918945,15.138536930084229
10.993347644805908,2013-12-01,9.633846759796143,12.345048904418945
8.184769868850708,2014-01-01,6.769430160522461,9.345929145812988
6.454673528671265,2014-02-01,5.516450643539429,7.349264860153198
6.083597421646118,2014-03-01,5.122293949127197,7.344675302505493
7.630969524383545,2014-04-01,6.337419509887695,9.230539798736572
11.849729061126709,2014-05-01,10.422411441802979,13.705949783325195
17.240044593811035,2014-06-01,16.003733158111572,18.235547065734863
22.0158052444458,2014-07-01,20.72370719909668,23.27017593383789
23.179073333740234,2014-08-01,21.859220504760742,24.38291358947754
21.30762767791748,2014-09-01,19.891383171081543,22.21495246887207
18.01862144470215,2014-10-01,16.777338981628418,19.65347385406494
14.353860855102539,2014-11-01,13.213340759277344,15.790662288665771
11.490224838256836,2014-12-01,9.797824382781982,12.78166913986206
8.52901315689087,2015-01-01,7.204184293746948,9.742173671722412
6.526144027709961,2015-02-01,4.913720369338989,7.84241247177124
5.8850789070129395,2015-03-01,4.691397666931152,6.960864782333374
7.445250034332275,2015-04-01,6.066503524780273,8.504452228546143
11.538246631622314,2015-05-01,10.1074857711792,12.74052381515503
16.787053108215332,2015-06-01,15.553020477294922,17.839658737182617
21.716711044311523,2015-07-01,20.42330551147461,22.826502799987793
23.097121238708496,2015-08-01,21.964484214782715,24.726643562316895
20.820029258728027,2015-09-01,19.420597076416016,22.059770584106445
17.53738307952881,2015-10-01,16.394367218017578,18.939208030700684
13.742618083953857,2015-11-01,12.782032489776611,14.883260726928711
10.991138458251953,2015-12-01,9.433756351470947,12.14905071258545
8.108945608139038,2016-01-01,6.618547677993774,9.115955352783203
6.171443700790405,2016-02-01,4.781993389129639,7.456210136413574
5.9883832931518555,2016-03-01,4.698990821838379,7.814209461212158
7.639726161956787,2016-04-01,6.646984577178955,8.990270614624023
11.416425228118896,2016-05-01,10.155453205108643,12.64995813369751
16.92205810546875,2016-06-01,15.897446155548096,18.50110149383545
21.960410118103027,2016-07-01,20.539339065551758,24.324113845825195
22.984905242919922,2016-08-01,21.40970802307129,24.85683822631836
21.14073944091797,2016-09-01,19.003068923950195,23.64350414276123
17.827241897583008,2016-10-01,15.696625709533691,19.74540424346924
14.145625591278076,2016-11-01,11.948741912841797,15.901693344116211
11.519806861877441,2016-12-01,9.332892417907715,13.930327892303467
8.781026840209961,2017-01-01,7.207380533218384,10.181900978088379
6.757837772369385,2017-02-01,5.59559440612793,8.215620994567871
6.074206352233887,2017-03-01,4.671282052993774,7.5668556690216064
7.886946439743042,2017-04-01,6.436220169067383,9.94085168838501
11.930967807769775,2017-05-01,10.526670932769775,13.450161457061768
17.057700157165527,2017-06-01,15.813563346862793,18.366265296936035
21.72244930267334,2017-07-01,20.119906425476074,23.501577377319336
23.03510856628418,2017-08-01,21.280539512634277,24.98656940460205
21.45490837097168,2017-09-01,19.567516326904297,23.967422485351562
17.695594787597656,2017-10-01,16.692992210388184,19.287120819091797
14.4090576171875,2017-11-01,13.229940414428711,15.79799222946167
11.569141864776611,2017-12-01,9.962675094604492,13.409383773803711
8.610720157623291,2018-01-01,6.553886890411377,10.36272382736206
6.947500467300415,2018-02-01,5.1012256145477295,8.961280345916748
6.52626371383667,2018-03-01,4.680200815200806,8.018657207489014
8.276546001434326,2018-04-01,6.897033214569092,9.1858549118042
12.214560985565186,2018-05-01,10.70801591873169,13.510217189788818
17.247994422912598,2018-06-01,15.598433494567871,18.482733726501465
21.968303680419922,2018-07-01,20.581149101257324,23.160786628723145
23.52739429473877,2018-08-01,22.274137496948242,25.347736358642578
21.72640323638916,2018-09-01,19.451908111572266,23.649489402770996
17.852646827697754,2018-10-01,16.73944664001465,19.45804500579834
14.239626407623291,2018-11-01,12.537353992462158,16.108088493347168
11.556509494781494,2018-12-01,9.950221538543701,12.501614093780518
8.621400356292725,2019-01-01,7.686015605926514,9.562397003173828
6.848231554031372,2019-02-01,5.103224992752075,8.658947944641113
6.184878349304199,2019-03-01,4.879860877990723,7.896554708480835
7.704835653305054,2019-04-01,6.165404319763184,9.260479927062988
12.065826892852783,2019-05-01,10.148437976837158,13.948579788208008
17.49110507965088,2019-06-01,15.670819282531738,19.223902702331543
21.833016395568848,2019-07-01,20.1112060546875,23.743037223815918
23.380046844482422,2019-08-01,21.776738166809082,24.592392921447754
21.562613487243652,2019-09-01,19.988030433654785,22.65939426422119
17.944557189941406,2019-10-01,16.302603721618652,19.16948413848877
14.493948936462402,2019-11-01,13.153994083404541,16.134676456451416
11.791948318481445,2019-12-01,9.821584224700928,13.555115699768066
8.819183349609375,2020-01-01,7.207922458648682,10.248052597045898
6.795500993728638,2020-02-01,5.609420299530029,8.319254398345947
6.446579217910767,2020-03-01,5.124436855316162,7.7106873989105225
8.013328552246094,2020-04-01,6.594972372055054,9.035272121429443
12.074665546417236,2020-05-01,10.477322578430176,13.502066135406494
17.53773784637451,2020-06-01,15.530172348022461,18.96973705291748
22.0017671585083,2020-07-01,20.109283447265625,23.911677360534668
23.287065505981445,2020-08-01,21.505033493041992,24.955650329589844
21.659461975097656,2020-09-01,19.468673706054688,23.489591598510742
17.941102027893066,2020-10-01,16.752243041992188,19.53462028503418
14.194186687469482,2020-11-01,12.625624656677246,15.674695491790771
11.474237442016602,2020-12-01,9.247189044952393,13.18745231628418
8.794031620025635,2021-01-01,6.672465801239014,10.46908712387085
6.624629974365234,2021-02-01,5.058002948760986,7.729574203491211
5.9722678661346436,2021-03-01,4.943018436431885,7.268897771835327
7.895145654678345,2021-04-01,6.787755727767944,9.105614185333252
12.06239652633667,2021-05-01,10.80251932144165,13.376014709472656
17.2392578125,2021-06-01,16.111533641815186,18.504525184631348
21.624267578125,2021-07-01,20.596323013305664,22.964035034179688
23.187952995300293,2021-08-01,21.909611701965332,24.355900764465332
21.524381637573242,2021-09-01,19.705224990844727,22.961402893066406
17.848941802978516,2021-10-01,16.767547607421875,19.120516777038574
14.514359474182129,2021-11-01,12.822798728942871,16.597018241882324
11.565471649169922,2021-12-01,9.622863292694092,13.060906887054443
8.610327243804932,2022-01-01,6.922278881072998,9.421767711639404
6.867439270019531,2022-02-01,5.589568853378296,8.229774713516235
6.524103403091431,2022-03-01,5.226487874984741,7.509106874465942
8.526285648345947,2022-04-01,7.07756781578064,10.488182067871094
12.2959303855896,2022-05-01,10.75007963180542,13.83970832824707
17.711965560913086,2022-06-01,16.281240940093994,18.890010833740234
22.386857986450195,2022-07-01,21.30640697479248,23.993986129760742
23.663601875305176,2022-08-01,22.437378883361816,25.043195724487305
21.74587917327881,2022-09-01,20.045101165771484,23.224844932556152
17.97059726715088,2022-10-01,16.52615261077881,19.485573768615723
14.25015115737915,2022-11-01,13.23227596282959,15.675490379333496
11.717125415802002,2022-12-01,10.42080545425415,13.141038417816162
8.67721939086914,2023-01-01,7.42061710357666,10.301839828491211
6.656192064285278,2023-02-01,5.5670740604400635,7.982065439224243
6.25963568687439,2023-03-01,4.624340772628784,7.570105791091919
8.463025093078613,2023-04-01,6.76342248916626,9.987907409667969
12.205866813659668,2023-05-01,11.054211616516113,13.58898639678955
17.762720108032227,2023-06-01,16.381084442138672,19.24472141265869
22.57809066772461,2023-07-01,20.610706329345703,24.441322326660156
23.945488929748535,2023-08-01,21.530651092529297,25.538179397583008
22.35256862640381,2023-09-01,21.05343723297119,24.08074951171875
18.656599044799805,2023-10-01,17.223079681396484,20.274824142456055
14.876567363739014,2023-11-01,13.032814025878906,16.721906661987305
11.828734397888184,2023-12-01,10.523897647857666,13.359411716461182
8.923823356628418,2024-01-01,8.070677757263184,9.738479137420654
7.323206186294556,2024-02-01,6.3916685581207275,8.008105278015137
6.671977996826172,2024-03-01,5.805287837982178,8.061047554016113
8.109190464019775,2024-04-01,7.161842107772827,9.267125129699707
12.361189365386963,2024-05-01,11.31279706954956,13.458324432373047
17.535884857177734,2024-06-01,16.42348861694336,18.65553855895996
22.698938369750977,2024-07-01,21.260605812072754,24.070719718933105
23.811400413513184,2024-08-01,21.775476455688477,25.559242248535156
21.96986961364746,2024-09-01,20.113496780395508,24.082426071166992
18.23251247406006,2024-10-01,16.75508403778076,19.418267250061035
14.729112148284912,2024-11-01,13.537892818450928,15.765796184539795
11.784411907196045,2024-12-01,10.454677104949951,12.912728786468506
8.549658298492432,2025-01-01,7.025457859039307,9.81297779083252
6.824179649353027,2025-02-01,5.458868026733398,7.9554595947265625
6.354645013809204,2025-03-01,4.978282928466797,7.727784872055054
8.190254211425781,2025-04-01,6.8573808670043945,9.71330213546753
12.340362548828125,2025-05-01,11.137715816497803,14.076729774475098
17.54802703857422,2025-06-01,15.967228889465332,19.451327323913574
22.15046787261963,2025-07-01,20.237433433532715,24.03930377960205
23.716790199279785,2025-08-01,21.66763401031494,25.233986854553223
21.984954833984375,2025-09-01,20.2648983001709,23.40816593170166
18.118886947631836,2025-10-01,15.80448293685913,20.430363655090332
14.767082691192627,2025-11-01,13.510809898376465,16.917685508728027
11.7998685836792,2025-12-01,10.581851482391357,13.29570198059082
8.853450298309326,2026-01-01,7.514450788497925,10.462986946105957
6.948470115661621,2026-02-01,5.524077892303467,8.545435905456543
6.365206718444824,2026-03-01,5.12406325340271,7.587369441986084
8.154349327087402,2026-04-01,6.7233452796936035,9.165164947509766
12.435095310211182,2026-05-01,10.861974716186523,14.013147354125977
17.768425941467285,2026-06-01,16.524794578552246,19.188725471496582
22.23834991455078,2026-07-01,21.08445930480957,23.764530181884766
24.099995613098145,2026-08-01,23.007591247558594,25.34311294555664
21.951770782470703,2026-09-01,20.69694232940674,23.210966110229492
18.415624618530273,2026-10-01,16.801809310913086,20.589041709899902
14.699527740478516,2026-11-01,12.703802108764648,16.70701313018799
11.83557939529419,2026-12-01,9.765639305114746,13.970962047576904
8.5308380126953125,2027-01-01,6.332550764083862,10.658783912658691
6.433599948883057,2027-02-01,4.516589641571045,8.153265714645386
5.906242847442627,2027-03-01,4.501990795135498,8.115134954452515
7.655660629272461,2027-04-01,6.358183860778809,9.549646854400635
11.635289192199707,2027-05-01,10.025310516357422,13.450626373291016
16.928775787353516,2027-06-01,15.142221450805664,18.74437713623047
21.828845977783203,2027-07-01,20.01540470123291,24.062336921691895
23.3254337310791,2027-08-01,21.33138084411621,25.399303436279297
21.509568214416504,2027-09-01,19.54163646697998,24.04159927368164
18.089086532592773,2027-10-01,16.156234741210938,20.37749481201172
14.524909973144531,2027-11-01,12.755630016326904,16.17266845703125
11.834124565124512,2027-12-01,10.323888301849365,13.619750499725342
8.515790462493896,2028-01-01,6.986736297607422,9.940966129302979
6.679896354675293,2028-02-01,4.883270263671875,8.052734851837158
6.285298109054565,2028-03-01,4.781933784484863,7.384199142456055
8.14952278137207,2028-04-01,6.600568532943726,9.775944709777832
12.08863878250122,2028-05-01,10.2492995262146,13.771923065185547
17.439940452575684,2028-06-01,15.449375629425049,19.13527488708496
21.877422332763672,2028-07-01,19.934887886047363,23.691353797912598
23.667163848876953,2028-08-01,22.134822845458984,25.50989532470703
22.092215538024902,2028-09-01,20.168659210205078,23.469517707824707
18.52524185180664,2028-10-01,17.27138900756836,20.11263370513916
14.619657516479492,2028-11-01,13.121437549591064,16.209062576293945
11.71763277053833,2028-12-01,9.816916942596436,13.771101474761963
8.681153297424316,2029-01-01,6.863378286361694,10.254885196685791
6.855653762817383,2029-02-01,5.367547988891602,8.039759874343872
6.28788161277771,2029-03-01,4.75929594039917,7.569571018218994
8.010778903961182,2029-04-01,5.990384101867676,9.668517589569092
12.079465389251709,2029-05-01,10.483439922332764,13.624897003173828
17.472368240356445,2029-06-01,15.651651859283447,19.13464069366455
22.43878746032715,2029-07-01,20.602046966552734,24.252344131469727
24.033222198486328,2029-08-01,22.359700202941895,25.793203353881836
21.87974739074707,2029-09-01,20.565526008605957,23.2972354888916
18.334651947021484,2029-10-01,16.86336040496826,19.241968154907227
14.877418994903564,2029-11-01,13.271729469299316,16.16408681869507
11.895211219787598,2029-12-01,9.802907943725586,13.483762741088867
8.998215198516846,2030-01-01,6.8162336349487305,10.70958423614502
7.032725095748901,2030-02-01,4.5787434577941895,9.166243553161621
6.0880255699157715,2030-03-01,4.163853645324707,7.919092416763306
7.905895471572876,2030-04-01,5.705540180206299,9.988780498504639
12.292196273803711,2030-05-01,10.318978786468506,13.867561340332031
17.595953941345215,2030-06-01,15.581395626068115,18.806153297424316
22.14156150817871,2030-07-01,20.078118324279785,23.751702308654785
23.735937118530273,2030-08-01,21.938405990600586,25.41428279876709
22.027158737182617,2030-09-01,20.436808586120605,23.967570304870605
18.54403018951416,2030-10-01,17.10483741760254,20.290393829345703
14.867244243621826,2030-11-01,13.176352977752686,17.071986198425293
11.980920314788818,2030-12-01,9.998827457427979,14.468533039093018
9.149742603302002,2031-01-01,7.548738479614258,10.875829219818115
6.933135271072388,2031-02-01,4.902167081832886,8.586974143981934
6.455793380737305,2031-03-01,4.440075159072876,8.652525424957275
8.128387928009033,2031-04-01,6.516842603683472,10.090456008911133
12.264572620391846,2031-05-01,11.21231746673584,13.632835388183594
17.800729751586914,2031-06-01,16.46065902709961,19.243557929992676
22.55087947845459,2031-07-01,20.72249984741211,24.501258850097656
24.16447162628174,2031-08-01,22.30814838409424,26.38380527496338
22.513747215270996,2031-09-01,21.19662094116211,24.54662036895752
18.63027858734131,2031-10-01,17.395845413208008,20.125226974487305
15.127838134765625,2031-11-01,13.898982048034668,17.255436897277832
12.274786472320557,2031-12-01,10.579930305480957,14.824908256530762
8.945773124694824,2032-01-01,7.628280878067017,10.149435997009277
6.980921030044556,2032-02-01,5.702319622039795,8.327799558639526
6.674684047698975,2032-03-01,5.406759262084961,8.116800785064697
8.344605445861816,2032-04-01,7.198821306228638,10.147806167602539
12.369243621826172,2032-05-01,10.98945140838623,14.330809593200684
17.380166053771973,2032-06-01,15.985300064086914,18.868176460266113
22.243391036987305,2032-07-01,20.719632148742676,23.94269847869873
23.8179349899292,2032-08-01,22.31833839416504,25.243525505065918
22.281932830810547,2032-09-01,20.680892944335938,23.833030700683594
18.966447830200195,2032-10-01,17.69254207611084,21.494295120239258
15.400962829589844,2032-11-01,13.817997932434082,16.82799243927002
12.476277351379395,2032-12-01,10.990621089935303,13.895910739898682
9.1011061668396,2033-01-01,7.643592119216919,10.599536895751953
7.143856763839722,2033-02-01,5.289934396743774,8.917501449584961
6.728373289108276,2033-03-01,5.2000510692596436,9.017033100128174
8.27731704711914,2033-04-01,6.7450196743011475,10.339625358581543
12.506207942962646,2033-05-01,10.76449728012085,14.584920883178711
17.593923568725586,2033-06-01,15.710489749908447,18.981019020080566
22.436028480529785,2033-07-01,20.118106842041016,24.529687881469727
24.09809684753418,2033-08-01,21.736690521240234,25.789006233215332
22.189032554626465,2033-09-01,20.049283981323242,23.709792137145996
18.488569259643555,2033-10-01,16.226844787597656,19.88942813873291
14.835800170898438,2033-11-01,13.123467922210693,16.50820827484131
12.174577236175537,2033-12-01,10.838420867919922,14.675420761108398
8.869569301605225,2034-01-01,7.442098379135132,10.214839458465576
7.0848548412323,2034-02-01,5.64987587928772,8.57393741607666
6.710542440414429,2034-03-01,5.2345311641693115,8.27647876739502
8.40089750289917,2034-04-01,6.62912654876709,10.029486656188965
12.465843200683594,2034-05-01,10.756343364715576,14.243512153625488
17.77888298034668,2034-06-01,16.452346801757812,19.289454460144043
22.863906860351562,2034-07-01,21.470733642578125,24.538294792175293
24.3131103515625,2034-08-01,22.77120304107666,25.78260612487793
22.177032470703125,2034-09-01,20.546706199645996,24.42490005493164
18.58315372467041,2034-10-01,17.25572967529297,20.199342727661133
15.012666702270508,2034-11-01,13.216451644897461,16.426968574523926
11.950645446777344,2034-12-01,9.853652477264404,14.465599060058594
8.697442054748535,2035-01-01,7.148172616958618,10.329439640045166
6.942005634307861,2035-02-01,5.4832024574279785,8.343949317932129
6.495629787445068,2035-03-01,5.1567933559417725,8.15051531791687
8.38773775100708,2035-04-01,6.396744728088379,10.260993480682373
12.472130298614502,2035-05-01,11.289931297302246,14.318983554840088
17.669516563415527,2035-06-01,16.23348045349121,20.021549224853516
22.733060836791992,2035-07-01,21.266666412353516,24.93467617034912
24.295649528503418,2035-08-01,22.168496131896973,26.475521087646484
22.427309036254883,2035-09-01,20.813331604003906,23.828831672668457
18.540151596069336,2035-10-01,16.854509353637695,20.647239685058594
15.091617584228516,2035-11-01,12.998464584350586,16.87618923187256
12.22766637802124,2035-12-01,9.98626184463501,14.263444423675537
8.91157865524292,2036-01-01,7.047260999679565,10.614421844482422
7.113739967346191,2036-02-01,5.28548526763916,8.51215648651123
6.488235235214233,2036-03-01,4.6203083992004395,7.968663454055786
8.218961715698242,2036-04-01,6.57325005531311,9.907594680786133
12.782962322235107,2036-05-01,10.851902961730957,14.628407955169678
17.912166595458984,2036-06-01,16.296794891357422,19.861462593078613
22.716282844543457,2036-07-01,21.052019119262695,24.666576385498047
24.272136688232422,2036-08-01,22.392168045043945,26.29104709625244
22.24704933166504,2036-09-01,20.256793975830078,25.34291934967041
18.98262310028076,2036-10-01,16.32009220123291,21.108232498168945
15.007355213165283,2036-11-01,12.779963493347168,17.35788059234619
12.056300640106201,2036-12-01,9.886310577392578,14.918912887573242
9.145176887512207,2037-01-01,7.004765748977661,10.89008092880249
7.194590330123901,2037-02-01,6.002798080444336,8.402260303497314
6.658245801925659,2037-03-01,5.185394048690796,8.025390863418579
8.397040367126465,2037-04-01,6.747995376586914,10.32658052444458
12.690445899963379,2037-05-01,11.08090353012085,14.392506122589111
17.788658142089844,2037-06-01,16.314353466033936,19.37678623199463
22.71283531188965,2037-07-01,20.84078884124756,24.191465377807617
24.276484489440918,2037-08-01,22.640666961669922,25.879969596862793
22.188708305358887,2037-09-01,20.203168869018555,23.358635902404785
18.753514289855957,2037-10-01,17.229190826416016,20.277453422546387
15.13851022720337,2037-11-01,13.537384986877441,16.81045913696289
12.122793197631836,2037-12-01,10.42685604095459,14.546678066253662
9.185970783233643,2038-01-01,7.6329004764556885,11.935007572174072
7.164233684539795,2038-02-01,5.689984083175659,9.164066314697266
6.6832451820373535,2038-03-01,5.417547941207886,8.0039222240448
8.414711475372314,2038-04-01,6.185474634170532,10.00724983215332
12.796814918518066,2038-05-01,10.646210670471191,14.70549726486206
17.73551368713379,2038-06-01,16.430500984191895,19.2686185836792
22.448416709899902,2038-07-01,20.95969581604004,24.42721176147461
24.06719970703125,2038-08-01,22.520995140075684,25.730263710021973
22.397119522094727,2038-09-01,20.60938835144043,24.151155471801758
18.618919372558594,2038-10-01,16.79850673675537,20.4097900390625
15.09193754196167,2038-11-01,13.03650951385498,16.981934547424316
11.960638046264648,2038-12-01,9.996057510375977,14.591013431549072
8.967238903045654,2039-01-01,7.449268341064453,11.13060474395752
6.972418308258057,2039-02-01,5.219010591506958,8.569324493408203
6.475468873977661,2039-03-01,4.925917387008667,8.477049827575684
8.122152328491211,2039-04-01,6.437016248703003,10.325754642486572
12.352312088012695,2039-05-01,10.746251106262207,14.403872013092041
17.567498207092285,2039-06-01,15.850644588470459,19.6351957321167
22.775239944458008,2039-07-01,21.23978614807129,24.840779304504395
24.05992031097412,2039-08-01,21.72420883178711,25.771069526672363
22.300029754638672,2039-09-01,19.958690643310547,24.36362648010254
18.466532707214355,2039-10-01,16.412006378173828,20.39324378967285
15.16131067276001,2039-11-01,13.668693542480469,16.941433906555176
12.352023124694824,2039-12-01,10.677055835723877,13.973749160766602
9.243560791015625,2040-01-01,7.729722261428833,10.681464672088623
7.477449417114258,2040-02-01,6.1968793869018555,9.071467399597168
6.98032283782959,2040-03-01,5.3506715297698975,8.477348327636719
8.47193956375122,2040-04-01,6.830605745315552,10.335034847259521
12.242143630981445,2040-05-01,10.364712238311768,14.387397289276123
17.957014083862305,2040-06-01,16.45356845855713,19.622305870056152
23.050338745117188,2040-07-01,21.42567539215088,24.692803382873535
24.371798515319824,2040-08-01,22.805583000183105,26.012072563171387
22.81901454925537,2040-09-01,20.964061737060547,24.91594123840332
18.938880920410156,2040-10-01,17.224169731140137,20.896124839782715
15.307258605957031,2040-11-01,13.572373390197754,17.56987190246582
12.056514263153076,2040-12-01,10.244564533233643,14.6107816696167
8.999064445495605,2041-01-01,7.535686731338501,10.711406230926514
7.046433210372925,2041-02-01,5.367577791213989,8.462238311767578
6.793647766113281,2041-03-01,5.064804792404175,8.204381465911865
8.608813285827637,2041-04-01,6.189391136169434,10.915408611297607
12.807807445526123,2041-05-01,10.535768032073975,14.928388595581055
18.067374229431152,2041-06-01,16.046310901641846,19.4884614944458
22.927539825439453,2041-07-01,20.999134063720703,24.775632858276367
24.157275199890137,2041-08-01,21.737262725830078,26.172690391540527
22.219417572021484,2041-09-01,19.821471214294434,24.270081520080566
18.764738082885742,2041-10-01,16.676932334899902,20.576847076416016
15.210407257080078,2041-11-01,13.71757459640503,16.915106773376465
12.407421112060547,2041-12-01,10.746236324310303,14.067237854003906
9.542311668395996,2042-01-01,8.32112169265747,10.570996284484863
7.579780578613281,2042-02-01,6.5766401290893555,9.128202438354492
6.839619159698486,2042-03-01,5.633924722671509,8.082767009735107
8.363547801971436,2042-04-01,6.886452913284302,9.863008975982666
12.60798454284668,2042-05-01,10.753541946411133,15.003509521484375
18.140503883361816,2042-06-01,15.865002155303955,19.585017204284668
23.03663730621338,2042-07-01,21.11692237854004,24.990665435791016
24.84040641784668,2042-08-01,22.504313468933105,26.539871215820312
22.5417537689209,2042-09-01,21.335294723510742,24.08554458618164
19.088117599487305,2042-10-01,17.435317993164062,20.72015953063965
15.27228832244873,2042-11-01,13.109246253967285,17.046445846557617
12.599450588226318,2042-12-01,10.811786651611328,14.83978796005249
9.598391056060791,2043-01-01,8.43200397491455,11.09197998046875
7.530182361602783,2043-02-01,6.513718366622925,9.298820972442627
6.911132335662842,2043-03-01,5.638611078262329,8.752963066101074
8.554565906524658,2043-04-01,6.826388120651245,10.844136714935303
12.8600492477417,2043-05-01,11.308518409729004,15.096266746520996
18.303707122802734,2043-06-01,16.36568832397461,19.97877025604248
23.070693016052246,2043-07-01,21.176053047180176,24.99723243713379
24.5161771774292,2043-08-01,22.807159423828125,26.4329833984375
22.436856269836426,2043-09-01,20.635191917419434,23.604941368103027
18.81891441345215,2043-10-01,17.021910667419434,20.427645683288574
15.037166118621826,2043-11-01,12.883723258972168,16.85237407684326
12.35213041305542,2043-12-01,10.691937923431396,14.104790210723877
9.344622611999512,2044-01-01,8.162688255310059,11.416948795318604
7.479825019836426,2044-02-01,6.163616180419922,9.02605152130127
6.8542914390563965,2044-03-01,5.637660264968872,8.458264350891113
8.561862468719482,2044-04-01,7.02224063873291,10.140711784362793
12.916245937347412,2044-05-01,11.165439128875732,14.704038143157959
18.416568756103516,2044-06-01,17.389911651611328,19.72836971282959
23.076616287231445,2044-07-01,21.3969087600708,24.50247287750244
24.621034622192383,2044-08-01,22.46553325653076,26.105106353759766
23.01455593109131,2044-09-01,21.107266426086426,25.11411762237549
19.188987731933594,2044-10-01,16.480271339416504,21.70619010925293
15.405889987945557,2044-11-01,13.420138359069824,17.79815101623535
12.757369995117188,2044-12-01,11.2125563621521,15.123285293579102
9.758283615112305,2045-01-01,8.40291690826416,11.253691673278809
7.640210151672363,2045-02-01,6.044701337814331,9.126290798187256
7.1010048389434814,2045-03-01,5.4948859214782715,8.572563648223877
8.648918628692627,2045-04-01,7.5595245361328125,10.145167350769043
12.865447998046875,2045-05-01,11.366074562072754,14.469969272613525
18.235337257385254,2045-06-01,16.750579833984375,19.67660903930664
23.511509895324707,2045-07-01,22.160846710205078,25.36960792541504
24.909526824951172,2045-08-01,22.49799346923828,26.930331230163574
22.875948905944824,2045-09-01,20.93864345550537,24.65525722503662
19.16462802886963,2045-10-01,17.70392417907715,19.894845962524414
15.592453002929688,2045-11-01,13.933742046356201,17.11707592010498
12.462522983551025,2045-12-01,10.520202159881592,14.236227989196777
9.2581634521484375,2046-01-01,7.345839977264404,11.021904945373535
7.201838493347168,2046-02-01,5.509813547134399,8.761712074279785
6.780465602874756,2046-03-01,5.430964469909668,8.166271924972534
8.689250946044922,2046-04-01,7.547036170959473,9.91159963607788
13.056082248687744,2046-05-01,11.598272800445557,14.784520149230957
18.444272994995117,2046-06-01,16.93776512145996,19.919374465942383
22.995983123779297,2046-07-01,21.421103477478027,25.077482223510742
24.54757785797119,2046-08-01,22.572041511535645,26.782907485961914
22.816341400146484,2046-09-01,21.084507942199707,25.352670669555664
19.07578945159912,2046-10-01,16.938223838806152,21.29991340637207
15.577319622039795,2046-11-01,13.589237213134766,18.055163383483887
12.551272869110107,2046-12-01,10.513109683990479,14.985076427459717
9.369208335876465,2047-01-01,7.725172996520996,10.939297676086426
7.512890100479126,2047-02-01,5.833189010620117,9.422481060028076
6.889970302581787,2047-03-01,5.264149904251099,8.618869304656982
8.66640567779541,2047-04-01,7.283267021179199,10.595210075378418
12.85560655593872,2047-05-01,10.961699485778809,14.62003755569458
18.23415184020996,2047-06-01,17.01838493347168,19.69034194946289
23.526399612426758,2047-07-01,21.44464874267578,25.48241424560547
24.956912994384766,2047-08-01,23.008228302001953,26.73248291015625
23.108163833618164,2047-09-01,21.475482940673828,25.062082290649414
19.401822090148926,2047-10-01,17.162484169006348,21.038411140441895
15.646414279937744,2047-11-01,13.949839115142822,17.369874954223633
12.899557113647461,2047-12-01,11.386221885681152,15.142947673797607
9.661716938018799,2048-01-01,8.328339099884033,11.109431743621826
7.399078845977783,2048-02-01,5.978335618972778,8.841856956481934
7.026764392852783,2048-03-01,5.4510438442230225,8.70874547958374
8.570417881011963,2048-04-01,6.556066274642944,10.14701795578003
12.738471031188965,2048-05-01,11.093458652496338,14.613481998443604
18.250686645507812,2048-06-01,16.288511753082275,20.115368843078613
23.281213760375977,2048-07-01,21.775752067565918,25.61703109741211
24.938698768615723,2048-08-01,23.31931495666504,26.684029579162598
22.9668550491333,2048-09-01,21.400959968566895,24.64972972869873
19.859354972839355,2048-10-01,17.901061058044434,21.7265682220459
16.201111793518066,2048-11-01,14.473881721496582,18.389296531677246
12.814037322998047,2048-12-01,10.156355857849121,16.616426467895508
9.501358985900879,2049-01-01,6.924610376358032,11.966789722442627
7.503445386886597,2049-02-01,5.505363702774048,9.177572250366211
6.811407804489136,2049-03-01,5.127216815948486,8.781320095062256
8.307413578033447,2049-04-01,6.736365795135498,10.090296268463135
12.590254783630371,2049-05-01,10.7965989112854,14.121552467346191
18.033300399780273,2049-06-01,16.300094604492188,19.366846084594727
22.929043769836426,2049-07-01,20.78321933746338,24.817221641540527
24.792827606201172,2049-08-01,22.633764266967773,27.160686492919922
23.140249252319336,2049-09-01,21.86631965637207,25.31511402130127
19.39401340484619,2049-10-01,17.663558959960938,21.590534210205078
15.830078125,2049-11-01,13.924919128417969,17.599576950073242
12.885369300842285,2049-12-01,10.507658958435059,14.873749732971191
9.733980178833008,2050-01-01,7.120436906814575,12.109437942504883
7.82886528968811,2050-02-01,5.845376968383789,9.63841199874878
7.313841104507446,2050-03-01,5.043767690658569,8.868574619293213
8.892089366912842,2050-04-01,7.323561906814575,10.805363655090332
13.116311073303223,2050-05-01,11.298982620239258,14.458488464355469
18.748364448547363,2050-06-01,16.680264472961426,20.13047218322754
23.957185745239258,2050-07-01,21.83701992034912,25.91064167022705
25.07822608947754,2050-08-01,22.749001502990723,27.18099594116211
23.326560020446777,2050-09-01,21.008482933044434,25.12562847137451
19.447858810424805,2050-10-01,17.78284740447998,21.512622833251953
15.949806213378906,2050-11-01,14.16154956817627,17.51401710510254
13.22780466079712,2050-12-01,10.591283321380615,16.04373836517334
10.220297813415527,2051-01-01,8.501790046691895,12.44176721572876
8.082123041152954,2051-02-01,6.796390771865845,10.167402267456055
7.382628679275513,2051-03-01,5.51104211807251,10.110045909881592
8.862751483917236,2051-04-01,6.642592906951904,11.432184219360352
13.301628112792969,2051-05-01,11.14458417892456,15.89628267288208
18.763212203979492,2051-06-01,16.699251174926758,21.223366737365723
23.566306114196777,2051-07-01,21.910701751708984,26.556227684020996
25.361994743347168,2051-08-01,23.736838340759277,27.601451873779297
23.44756317138672,2051-09-01,21.837276458740234,25.488069534301758
19.73928928375244,2051-10-01,18.052103996276855,22.217812538146973
16.16084861755371,2051-11-01,14.33186388015747,18.449769973754883
13.298007488250732,2051-12-01,11.552081108093262,16.051715850830078
10.05259370803833,2052-01-01,8.38047981262207,11.959681987762451
8.01100754737854,2052-02-01,6.514937162399292,9.951483726501465
7.566935062408447,2052-03-01,5.820816516876221,9.280588150024414
9.098420143127441,2052-04-01,7.614844799041748,11.100287437438965
13.00265645980835,2052-05-01,11.299166679382324,14.641468048095703
18.491104125976562,2052-06-01,17.358506202697754,20.024761199951172
23.49988079071045,2052-07-01,22.281221389770508,24.86040210723877
25.155929565429688,2052-08-01,23.295252799987793,26.942313194274902
23.08201026916504,2052-09-01,20.916272163391113,25.48926830291748
19.49516487121582,2052-10-01,17.302658081054688,22.028822898864746
16.07581901550293,2052-11-01,13.883882999420166,18.83809185028076
13.21798324584961,2052-12-01,11.120934963226318,15.75132131576538
9.789119720458984,2053-01-01,7.86060643196106,11.728365898132324
7.838232755661011,2053-02-01,5.949694871902466,10.085426330566406
7.278201341629028,2053-03-01,5.259686231613159,9.551767349243164
9.115609169006348,2053-04-01,6.912652969360352,11.102294921875
13.032784938812256,2053-05-01,11.409217834472656,14.793899536132812
18.515602111816406,2053-06-01,16.36784076690674,20.47902488708496
23.104573249816895,2053-07-01,21.443836212158203,24.89821147918701
24.85388469696045,2053-08-01,22.601600646972656,27.50334072113037
23.29617404937744,2053-09-01,21.148966789245605,25.111770629882812
19.38347625732422,2053-10-01,17.165149688720703,21.80768871307373
15.514741897583008,2053-11-01,13.370906829833984,17.72866916656494
13.031003475189209,2053-12-01,10.3741135597229,15.13742446899414
10.105241775512695,2054-01-01,8.09314775466919,12.63738489151001
7.9282543659210205,2054-02-01,6.083186626434326,10.156593322753906
7.187180995941162,2054-03-01,5.325780391693115,9.248174667358398
8.938122272491455,2054-04-01,7.225018739700317,10.92847204208374
13.116536617279053,2054-05-01,11.785541534423828,14.722355842590332
18.780264854431152,2054-06-01,17.14858341217041,20.43104648590088
23.689784049987793,2054-07-01,21.67508316040039,26.67296028137207
24.96290874481201,2054-08-01,22.16690731048584,27.363486289978027
23.39842128753662,2054-09-01,20.40590476989746,25.606082916259766
19.511709213256836,2054-10-01,16.9714937210083,21.549283981323242
16.15412712097168,2054-11-01,14.233956336975098,18.61204719543457
13.219542503356934,2054-12-01,10.724900722503662,15.953948974609375
9.73511028289795,2055-01-01,7.406448602676392,12.282676219940186
7.695865154266357,2055-02-01,6.040123224258423,9.930039405822754
7.319829702377319,2055-03-01,5.536372900009155,9.40805435180664
9.00121784210205,2055-04-01,7.1467039585113525,10.965202331542969
13.236106395721436,2055-05-01,10.914007186889648,15.461679458618164
18.810205459594727,2055-06-01,17.077277183532715,20.845043182373047
23.64766216278076,2055-07-01,21.98380756378174,25.7810115814209
25.30447006225586,2055-08-01,23.296788215637207,27.674896240234375
23.335572242736816,2055-09-01,21.68885898590088,25.35701560974121
19.960647583007812,2055-10-01,18.34310245513916,21.56189727783203
16.04811668395996,2055-11-01,14.228832244873047,18.162375450134277
13.113852977752686,2055-12-01,11.102007865905762,15.786596298217773
9.9415864944458,2056-01-01,8.074852466583252,12.015872955322266
7.742474317550659,2056-02-01,6.523905038833618,9.699349403381348
7.125816106796265,2056-03-01,5.7436089515686035,8.692293643951416
8.857511043548584,2056-04-01,7.602052927017212,10.156094074249268
13.201647281646729,2056-05-01,11.231101036071777,14.998172283172607
18.528382301330566,2056-06-01,17.401663780212402,19.755202293395996
23.63954734802246,2056-07-01,22.293777465820312,25.5274076461792
25.234743118286133,2056-08-01,23.20862102508545,27.11870574951172
23.40091896057129,2056-09-01,22.150229454040527,25.733840942382812
19.7891206741333,2056-10-01,17.30275535583496,22.98563289642334
15.79328441619873,2056-11-01,13.506184101104736,17.965429306030273
12.919172286987305,2056-12-01,10.873209476470947,16.422557830810547
9.94222116470337,2057-01-01,8.369976043701172,11.992969989776611
7.983033657073975,2057-02-01,6.240336656570435,9.82301139831543
7.278330087661743,2057-03-01,5.718767166137695,8.99707555770874
8.903165340423584,2057-04-01,7.174851655960083,10.95577096939087
13.085434913635254,2057-05-01,11.413262844085693,14.352737426757812
18.550113677978516,2057-06-01,16.825222969055176,20.136688232421875
23.295466423034668,2057-07-01,21.494067192077637,25.584317207336426
25.40737533569336,2057-08-01,23.512439727783203,27.694701194763184
23.50002384185791,2057-09-01,21.11959457397461,25.512707710266113
19.60986042022705,2057-10-01,17.166874885559082,22.420995712280273
15.642282485961914,2057-11-01,13.414485931396484,17.816370010375977
13.14330244064331,2057-12-01,10.592504501342773,16.283519744873047
10.185830116271973,2058-01-01,8.407277822494507,12.34762954711914
8.150248289108276,2058-02-01,6.161411762237549,10.069351196289062
7.3934996128082275,2058-03-01,5.358655214309692,9.313500881195068
9.002225875854492,2058-04-01,7.347088813781738,10.489919662475586
13.445570468902588,2058-05-01,11.875348091125488,15.666259288787842
19.002772331237793,2058-06-01,17.295031547546387,20.553464889526367
23.813544273376465,2058-07-01,21.809292793273926,26.273483276367188
25.685893058776855,2058-08-01,23.024677276611328,28.558937072753906
23.622547149658203,2058-09-01,21.64269256591797,26.322702407836914
20.158536911010742,2058-10-01,18.25942039489746,22.58844757080078
16.52253246307373,2058-11-01,14.336265563964844,19.269229888916016
13.720676898956299,2058-12-01,11.615608215332031,17.833072662353516
10.045498847961426,2059-01-01,8.166086435317993,12.035518169403076
8.179173707962036,2059-02-01,6.611146688461304,9.582996368408203
7.825521945953369,2059-03-01,6.214405536651611,9.520790100097656
9.407289505004883,2059-04-01,7.383137464523315,11.666955947875977
13.235379695892334,2059-05-01,10.896705627441406,15.93930196762085
18.63349151611328,2059-06-01,16.767005920410156,20.776674270629883
23.6853084564209,2059-07-01,22.12116050720215,25.83489418029785
25.55862331390381,2059-08-01,23.33650016784668,28.12398338317871
24.091690063476562,2059-09-01,21.59046173095703,26.407623291015625
20.686278343200684,2059-10-01,18.093318939208984,24.667543411254883
16.773242950439453,2059-11-01,14.240516662597656,19.257959365844727
13.926816940307617,2059-12-01,11.526851654052734,17.475926399230957
10.514043807983398,2060-01-01,8.306575775146484,12.571282386779785
8.407362461090088,2060-02-01,6.545668363571167,9.752390384674072
7.695707082748413,2060-03-01,5.904590845108032,9.046762466430664
9.485311508178711,2060-04-01,7.404045343399048,11.20314073562622
13.811025142669678,2060-05-01,11.468310832977295,16.761499404907227
19.02687644958496,2060-06-01,16.780741691589355,21.469014167785645
24.249839782714844,2060-07-01,21.745668411254883,27.062600135803223
25.587326049804688,2060-08-01,22.835952758789062,28.15990447998047
23.529827117919922,2060-09-01,20.68861961364746,26.349459648132324
20.112547874450684,2060-10-01,17.959449768066406,22.499777793884277
16.62833023071289,2060-11-01,14.491493225097656,18.995551109313965
13.674839496612549,2060-12-01,11.140185356140137,17.4044132232666
10.418495655059814,2061-01-01,8.422565937042236,12.627949714660645
8.285655975341797,2061-02-01,5.959008693695068,10.986146926879883
7.66218376159668,2061-03-01,5.499091386795044,9.990742683410645
9.16184949874878,2061-04-01,6.707293748855591,11.458566188812256
13.380255222320557,2061-05-01,11.48436689376831,15.627016067504883
19.28121566772461,2061-06-01,18.044981956481934,20.59833335876465
24.40560817718506,2061-07-01,22.465102195739746,27.313148498535156
25.657180786132812,2061-08-01,23.092050552368164,28.571048736572266
23.783084869384766,2061-09-01,21.608262062072754,25.817933082580566
19.992904663085938,2061-10-01,18.130722045898438,21.75717067718506
16.226648330688477,2061-11-01,14.43292760848999,19.12967586517334
13.753230571746826,2061-12-01,11.309925556182861,17.784957885742188
10.590662002563477,2062-01-01,8.681395053863525,13.553318500518799
8.409308910369873,2062-02-01,6.537405967712402,10.777364730834961
7.609427452087402,2062-03-01,5.920888423919678,10.127796173095703
9.062727451324463,2062-04-01,7.214470863342285,11.019418239593506
13.400164604187012,2062-05-01,11.607872009277344,15.391218662261963
19.17306900024414,2062-06-01,16.991539001464844,21.203984260559082
24.11036205291748,2062-07-01,22.194305419921875,26.84765625
25.963248252868652,2062-08-01,23.747501373291016,28.18748664855957
24.215469360351562,2062-09-01,22.262348175048828,26.748496055603027
20.813674926757812,2062-10-01,18.61674404144287,23.842392921447754
16.753994941711426,2062-11-01,14.212154388427734,19.191043853759766
13.905922889709473,2062-12-01,11.534762859344482,17.89297389984131
10.610730171203613,2063-01-01,8.335996627807617,14.261131286621094
8.58518362045288,2063-02-01,6.212827682495117,11.313564777374268
7.8166961669921875,2063-03-01,5.748638153076172,10.648396492004395
9.310225486755371,2063-04-01,8.03031325340271,11.565319538116455
13.482313632965088,2063-05-01,11.363573551177979,16.446468353271484
19.407933235168457,2063-06-01,17.753738403320312,20.975629806518555
24.28853130340576,2063-07-01,22.56888198852539,26.024155616760254
26.106640815734863,2063-08-01,24.064773559570312,27.821399688720703
24.201705932617188,2063-09-01,21.966683387756348,25.945573806762695
20.340659141540527,2063-10-01,18.01875877380371,22.544342041015625
16.732471466064453,2063-11-01,14.449433326721191,19.52266502380371
13.622424125671387,2063-12-01,10.833086490631104,17.96635913848877
10.341813564300537,2064-01-01,8.170245170593262,12.774309158325195
8.386162281036377,2064-02-01,6.856969833374023,10.102866172790527
7.981809377670288,2064-03-01,6.418621063232422,9.78611135482788
9.39960765838623,2064-04-01,7.935147762298584,10.912274360656738
13.914408683776855,2064-05-01,11.74174690246582,16.095959186553955
19.286561012268066,2064-06-01,17.329566955566406,20.95391082763672
24.426756858825684,2064-07-01,22.360493659973145,26.54280376434326
26.260519981384277,2064-08-01,24.333325386047363,28.191935539245605
24.473807334899902,2064-09-01,22.34442138671875,26.826899528503418
20.631845474243164,2064-10-01,18.318745613098145,22.889198303222656
17.031164169311523,2064-11-01,14.780800819396973,19.67635440826416
14.191753387451172,2064-12-01,11.612297534942627,17.692485809326172
10.822846412658691,2065-01-01,8.720585346221924,12.867186546325684
8.733043670654297,2065-02-01,6.627320289611816,10.962098598480225
8.116762161254883,2065-03-01,6.169124364852905,10.173741340637207
9.5800461769104,2065-04-01,7.192638635635376,11.631614685058594
13.59461259841919,2065-05-01,11.24348497390747,16.34816837310791
19.002585411071777,2065-06-01,17.09823703765869,20.674290657043457
24.33121967315674,2065-07-01,22.327584266662598,26.69317626953125
26.051475524902344,2065-08-01,24.004671096801758,27.964186668395996
24.276917457580566,2065-09-01,22.21324062347412,26.580574989318848
20.687166213989258,2065-10-01,18.417140007019043,23.516440391540527
16.67453098297119,2065-11-01,14.893619060516357,19.298908233642578
13.569684982299805,2065-12-01,11.664505004882812,16.09283971786499
10.369334697723389,2066-01-01,8.725176334381104,12.43539571762085
8.312938690185547,2066-02-01,6.800570726394653,10.391063213348389
7.877364873886108,2066-03-01,6.263481616973877,9.900664806365967
9.318573951721191,2066-04-01,7.067880630493164,11.45213794708252
13.525529384613037,2066-05-01,10.76434326171875,15.408063888549805
18.814072608947754,2066-06-01,16.100431442260742,21.554969787597656
24.226283073425293,2066-07-01,21.65003204345703,27.308560371398926
25.555331230163574,2066-08-01,22.462282180786133,28.778226852416992
23.969292640686035,2066-09-01,21.5076322555542,26.964665412902832
20.24747371673584,2066-10-01,16.623881340026855,23.614179611206055
16.862625122070312,2066-11-01,14.062780857086182,20.021620750427246
13.917426109313965,2066-12-01,10.998366832733154,17.03246307373047
10.424901008605957,2067-01-01,7.961543560028076,12.997412204742432
8.161012411117554,2067-02-01,5.740449905395508,10.693669319152832
7.8112633228302,2067-03-01,6.157097101211548,9.882492542266846
9.707791805267334,2067-04-01,7.67436671257019,11.912990093231201
13.878865242004395,2067-05-01,11.799444675445557,15.835565090179443
19.576870918273926,2067-06-01,18.077028274536133,21.40539836883545
24.506593704223633,2067-07-01,22.400038719177246,26.45258903503418
26.127735137939453,2067-08-01,23.482818603515625,28.781908988952637
24.2623929977417,2067-09-01,21.467573165893555,26.090285301208496
20.393040657043457,2067-10-01,17.430628776550293,23.53329563140869
16.62910270690918,2067-11-01,13.017196655273438,19.45738697052002
13.868356227874756,2067-12-01,11.00325059890747,17.76289939880371
10.760778427124023,2068-01-01,8.675485610961914,13.253823280334473
8.93222951889038,2068-02-01,6.863221883773804,11.032878398895264
8.303332328796387,2068-03-01,6.614135026931763,10.174972534179688
9.942461490631104,2068-04-01,8.351669788360596,11.445198059082031
14.7019624710083,2068-05-01,12.59633493423462,17.45702838897705
19.628483772277832,2068-06-01,18.23249053955078,21.074488639831543
24.692023277282715,2068-07-01,22.300498008728027,26.945846557617188
26.440162658691406,2068-08-01,24.113033294677734,28.67850112915039
24.67470932006836,2068-09-01,22.884058952331543,26.956528663635254
20.768224716186523,2068-10-01,17.930304527282715,23.571690559387207
16.89317512512207,2068-11-01,14.647583961486816,19.557865142822266
14.083466053009033,2068-12-01,12.204755306243896,16.91212272644043
10.846383571624756,2069-01-01,9.31358289718628,12.469611644744873
8.806909084320068,2069-02-01,7.380652189254761,10.271870613098145
8.097357273101807,2069-03-01,6.864173412322998,9.621984958648682
9.737231731414795,2069-04-01,8.031607151031494,11.518118858337402
13.895709991455078,2069-05-01,12.201794147491455,15.292966842651367
19.217829704284668,2069-06-01,17.849406242370605,20.745349884033203
24.368380546569824,2069-07-01,22.737601280212402,26.14659881591797
26.276464462280273,2069-08-01,24.499292373657227,28.817500114440918
24.144389152526855,2069-09-01,22.05324649810791,26.6226863861084
20.73809814453125,2069-10-01,17.725104331970215,24.441582679748535
16.956751823425293,2069-11-01,14.579604148864746,19.78725242614746
14.066610336303711,2069-12-01,11.106441497802734,17.440120697021484
10.669497013092041,2070-01-01,8.067821025848389,12.875936031341553
8.723106384277344,2070-02-01,6.914756774902344,10.810526847839355
8.090936422348022,2070-03-01,6.600728273391724,9.760113716125488
9.652894020080566,2070-04-01,8.255492687225342,11.234155178070068
13.933630466461182,2070-05-01,12.623584270477295,15.506570816040039
19.78046703338623,2070-06-01,18.538228034973145,21.44901943206787
24.748680114746094,2070-07-01,22.978585243225098,27.028663635253906
26.578627586364746,2070-08-01,24.15391731262207,28.968381881713867
24.575875282287598,2070-09-01,22.797629356384277,27.755788803100586
20.62581729888916,2070-10-01,18.55824565887451,23.021218299865723
16.865966796875,2070-11-01,14.782493114471436,19.32396697998047
14.181602478027344,2070-12-01,11.589035511016846,17.189175605773926
11.012147903442383,2071-01-01,9.242992877960205,13.45366382598877
9.085224151611328,2071-02-01,7.132166147232056,11.470709323883057
8.292880535125732,2071-03-01,6.633710145950317,10.177343845367432
9.903551578521729,2071-04-01,8.669873714447021,11.847911357879639
14.086432456970215,2071-05-01,12.595815658569336,16.634092330932617
19.671350479125977,2071-06-01,17.830570220947266,21.73456573486328
24.90287494659424,2071-07-01,22.41890811920166,27.54165267944336
26.519935607910156,2071-08-01,24.56129550933838,28.812047004699707
24.529098510742188,2071-09-01,21.867374420166016,26.696002960205078
20.783055305480957,2071-10-01,17.869938850402832,23.001670837402344
17.272500038146973,2071-11-01,15.030334949493408,19.491360664367676
14.495490074157715,2071-12-01,12.31467342376709,18.513368606567383
10.98354959487915,2072-01-01,9.36203908920288,13.418839454650879
8.690690040588379,2072-02-01,7.129890441894531,11.081645965576172
7.94614577293396,2072-03-01,6.278437614440918,9.719578266143799
9.480406761169434,2072-04-01,7.625680685043335,12.167716979980469
13.417892932891846,2072-05-01,11.273943901062012,15.64188003540039
19.527010917663574,2072-06-01,17.57944965362549,21.64582347869873
24.554811477661133,2072-07-01,21.881479263305664,27.074352264404297
26.607102394104004,2072-08-01,24.451590538024902,29.037601470947266
24.636077880859375,2072-09-01,22.08664321899414,26.989166259765625
20.990233421325684,2072-10-01,18.256553649902344,23.77880573272705
17.432302474975586,2072-11-01,14.41908311843872,20.560507774353027
14.363770008087158,2072-12-01,11.733742237091064,18.793437004089355
11.00810718536377,2073-01-01,8.5799880027771,14.169760704040527
8.83237886428833,2073-02-01,6.57957911491394,11.6202974319458
8.114011287689209,2073-03-01,6.241868019104004,10.063755989074707
9.660821914672852,2073-04-01,7.914880990982056,11.899805545806885
14.109029769897461,2073-05-01,12.181169986724854,16.351881980895996
19.68753433227539,2073-06-01,18.286476135253906,21.470117568969727
24.929261207580566,2073-07-01,23.386198043823242,27.07783794403076
26.897831916809082,2073-08-01,24.524930953979492,29.60251522064209
25.357916831970215,2073-09-01,23.09341335296631,27.731508255004883
21.48149013519287,2073-10-01,19.07478427886963,25.463001251220703
17.09980869293213,2073-11-01,14.815830707550049,20.121020317077637
14.323859214782715,2073-12-01,11.613927841186523,18.41268539428711
11.05167531967163,2074-01-01,8.665201663970947,14.156878471374512
8.819726943969727,2074-02-01,6.717015743255615,11.380400657653809
8.148224830627441,2074-03-01,5.977327108383179,10.892871856689453
9.51396131515503,2074-04-01,7.926357746124268,11.653058528900146
13.551531791687012,2074-05-01,11.81543493270874,15.85324478149414
19.251829147338867,2074-06-01,17.38227653503418,21.240047454833984
24.739203453063965,2074-07-01,22.4222469329834,27.600205421447754
26.257810592651367,2074-08-01,23.653812408447266,28.970548629760742
24.66218662261963,2074-09-01,21.893848419189453,27.734447479248047
20.816227912902832,2074-10-01,18.141578674316406,23.800979614257812
17.330339431762695,2074-11-01,14.342679500579834,20.3452091217041
14.709078788757324,2074-12-01,12.193665504455566,18.871155738830566
11.29564380645752,2075-01-01,9.04121732711792,14.224270343780518
9.03722333908081,2075-02-01,7.176024675369263,11.75173282623291
8.10697317123413,2075-03-01,6.066541910171509,10.7405104637146
9.914318561553955,2075-04-01,8.273622989654541,13.082695484161377
13.979636669158936,2075-05-01,11.824098110198975,16.41319751739502
19.23659896850586,2075-06-01,17.3077449798584,21.53452968597412
24.730388641357422,2075-07-01,21.899295806884766,28.192256927490234
26.87963581085205,2075-08-01,23.931793212890625,29.503600120544434
24.796013832092285,2075-09-01,22.156375885009766,26.833502769470215
21.252570152282715,2075-10-01,17.645151138305664,26.441617012023926
17.13069248199463,2075-11-01,14.570636749267578,20.23827838897705
14.548638343811035,2075-12-01,11.390308856964111,18.600598335266113
11.213993549346924,2076-01-01,8.60983943939209,14.19044828414917
9.010695457458496,2076-02-01,6.623554468154907,11.54992961883545
8.307588577270508,2076-03-01,6.564242362976074,10.240219593048096
10.041428565979004,2076-04-01,8.009691953659058,12.54204273223877
14.322412490844727,2076-05-01,12.106678009033203,16.727614402770996
19.6966609954834,2076-06-01,17.993263244628906,21.638745307922363
24.891416549682617,2076-07-01,22.25844383239746,27.449472427368164
26.363988876342773,2076-08-01,23.42220115661621,29.423452377319336
25.06600284576416,2076-09-01,22.30827045440674,27.582796096801758
21.374095916748047,2076-10-01,17.960559844970703,24.175676345825195
17.42388916015625,2076-11-01,14.341663837432861,20.5054349899292
14.216400146484375,2076-12-01,11.062352657318115,18.360533714294434
10.699230670928955,2077-01-01,7.351094007492065,13.33199167251587
8.75146770477295,2077-02-01,6.340544700622559,11.739522933959961
8.11663031578064,2077-03-01,6.441983222961426,10.16126537322998
9.602129459381104,2077-04-01,8.170429706573486,11.828346252441406
14.185027122497559,2077-05-01,12.684520244598389,16.281970977783203
19.717185020446777,2077-06-01,17.798444747924805,21.986989974975586
25.101881980895996,2077-07-01,23.115081787109375,27.53864574432373
26.82840347290039,2077-08-01,24.681047439575195,28.798931121826172
24.805155754089355,2077-09-01,22.885602951049805,27.326562881469727
21.101811408996582,2077-10-01,18.697025299072266,23.640399932861328
17.235355377197266,2077-11-01,14.37876844406128,19.95251750946045
14.451499462127686,2077-12-01,11.719267845153809,19.09838104248047
11.277199268341064,2078-01-01,8.564064979553223,14.425724029541016
8.986030578613281,2078-02-01,6.5544281005859375,12.246025085449219
8.286313533782959,2078-03-01,6.0329155921936035,10.673431873321533
9.856542587280273,2078-04-01,7.3471784591674805,12.716819763183594
14.055564880371094,2078-05-01,12.051478862762451,16.656871795654297
19.687328338623047,2078-06-01,17.98672389984131,21.901775360107422
25.03269100189209,2078-07-01,23.05838680267334,27.73817729949951
26.79889488220215,2078-08-01,24.18209934234619,28.99411392211914
25.077016830444336,2078-09-01,22.814297676086426,27.62192153930664
21.24404525756836,2078-10-01,18.27712345123291,24.7407808303833
17.288305282592773,2078-11-01,14.225643634796143,19.659059524536133
14.294053554534912,2078-12-01,10.75739860534668,17.90101146697998
11.244291305541992,2079-01-01,8.784308910369873,14.060775756835938
9.032788753509521,2079-02-01,7.0582969188690186,11.759425640106201
8.371274948120117,2079-03-01,6.426037311553955,10.205006122589111
9.842872619628906,2079-04-01,7.933969736099243,12.565227031707764
14.003490924835205,2079-05-01,12.207476615905762,16.609761238098145
19.46709632873535,2079-06-01,18.07590675354004,21.022390365600586
24.851577758789062,2079-07-01,22.61631679534912,27.18034076690674
26.78473663330078,2079-08-01,24.11415672302246,29.05910587310791
24.955483436584473,2079-09-01,22.90886402130127,27.90327739715576
21.19049072265625,2079-10-01,18.28653621673584,24.953558921813965
17.314263343811035,2079-11-01,14.846190929412842,19.720881462097168
14.483630657196045,2079-12-01,12.319005489349365,17.921866416931152
11.505802154541016,2080-01-01,9.620722770690918,14.710503101348877
9.174886226654053,2080-02-01,7.039564371109009,11.454658031463623
8.5066237449646,2080-03-01,6.272223234176636,10.986105918884277
10.318936347961426,2080-04-01,7.546220541000366,13.126353740692139
14.396704196929932,2080-05-01,12.330159664154053,17.00284481048584
19.75376319885254,2080-06-01,17.479873657226562,21.918131828308105
24.786094665527344,2080-07-01,22.97991371154785,26.815558433532715
26.61464023590088,2080-08-01,24.476872444152832,29.05026912689209
24.865973472595215,2080-09-01,21.83784580230713,26.94097328186035
21.1141357421875,2080-10-01,18.63730239868164,23.473413467407227
17.347514152526855,2080-11-01,15.230295658111572,19.64660358428955
14.745682716369629,2080-12-01,12.038417339324951,17.579976081848145
11.316535949707031,2081-01-01,8.956724166870117,13.43685245513916
9.121659755706787,2081-02-01,7.145083427429199,11.42602014541626
8.293134212493896,2081-03-01,6.029263973236084,10.162223815917969
9.922910213470459,2081-04-01,7.151522636413574,11.55412483215332
14.511349201202393,2081-05-01,12.081681251525879,16.570362091064453
19.858128547668457,2081-06-01,18.09556770324707,21.87621307373047
25.10707187652588,2081-07-01,23.82382106781006,26.91391944885254
27.05588150024414,2081-08-01,25.148653030395508,29.700627326965332
25.427536010742188,2081-09-01,23.418371200561523,28.265989303588867
21.28010082244873,2081-10-01,19.051671981811523,24.12654209136963
17.356273651123047,2081-11-01,14.330908298492432,20.41903781890869
14.531529903411865,2081-12-01,10.529964923858643,18.323790550231934
11.292520523071289,2082-01-01,8.160531044006348,13.876579761505127
9.001977443695068,2082-02-01,6.317183017730713,11.60843563079834
8.41531229019165,2082-03-01,6.138885259628296,10.398278713226318
10.229042530059814,2082-04-01,7.337097883224487,13.119894027709961
14.511757850646973,2082-05-01,11.252233982086182,17.43939208984375
19.75551986694336,2082-06-01,17.28080940246582,21.607537269592285
25.135132789611816,2082-07-01,23.021780967712402,27.58521842956543
27.126282691955566,2082-08-01,24.67440700531006,29.9518985748291
25.334505081176758,2082-09-01,22.694326400756836,27.37359619140625
21.420442581176758,2082-10-01,18.678237915039062,24.84465980529785
17.462963104248047,2082-11-01,14.716264724731445,21.166852951049805
14.514540195465088,2082-12-01,11.520247459411621,18.248038291931152
11.263801574707031,2083-01-01,9.007893085479736,13.127291679382324
9.237560272216797,2083-02-01,7.224287271499634,11.660082340240479
8.371777534484863,2083-03-01,6.734155893325806,10.435561180114746
9.982548236846924,2083-04-01,8.567824363708496,13.292671203613281
14.076863288879395,2083-05-01,11.937964916229248,16.89863681793213
19.41663646697998,2083-06-01,17.820876121520996,21.68049430847168
24.944939613342285,2083-07-01,22.659602165222168,28.12679386138916
26.869556427001953,2083-08-01,24.33411407470703,30.10829257965088
25.256051063537598,2083-09-01,21.998013496398926,28.996378898620605
21.392980575561523,2083-10-01,18.527311325073242,25.084365844726562
17.40207290649414,2083-11-01,14.393142700195312,21.080514907836914
14.48049020767212,2083-12-01,11.694319248199463,18.224563598632812
11.10619306564331,2084-01-01,8.677657127380371,13.381961822509766
8.82370376586914,2084-02-01,7.002184152603149,11.804210662841797
8.03822946548462,2084-03-01,6.0544114112854,10.149662494659424
9.68220043182373,2084-04-01,7.7092509269714355,12.741739273071289
14.095579147338867,2084-05-01,11.994202136993408,16.162476539611816
19.80623149871826,2084-06-01,17.800286293029785,21.781579971313477
25.368428230285645,2084-07-01,22.789999961853027,27.90456485748291
27.331381797790527,2084-08-01,24.375015258789062,30.018437385559082
25.18340015411377,2084-09-01,22.227360725402832,28.156851768493652
21.293197631835938,2084-10-01,17.497785568237305,24.140277862548828
17.855012893676758,2084-11-01,14.474685668945312,21.351357460021973
14.89635944366455,2084-12-01,12.03980541229248,19.15042209625244
11.463324546813965,2085-01-01,8.955421924591064,14.815138339996338
9.41407060623169,2085-02-01,7.085693359375,12.364594459533691
8.722479820251465,2085-03-01,6.233814239501953,11.139695167541504
10.262187957763672,2085-04-01,8.194395542144775,12.920317649841309
14.460644245147705,2085-05-01,12.09105396270752,16.727641105651855
20.24355125427246,2085-06-01,18.47739887237549,22.521634101867676
25.664142608642578,2085-07-01,22.39235019683838,28.82550621032715
27.18956756591797,2085-08-01,24.1068172454834,30.195246696472168
25.328116416931152,2085-09-01,22.14790153503418,28.009361267089844
21.749643325805664,2085-10-01,18.107879638671875,25.496453285217285
17.972110748291016,2085-11-01,15.022291660308838,20.92519760131836
15.259076118469238,2085-12-01,12.62058401107788,19.83699321746826
11.891297817230225,2086-01-01,9.399855613708496,14.895851612091064
9.427664756774902,2086-02-01,6.7898430824279785,12.144825458526611
8.38500690460205,2086-03-01,6.348907470703125,10.512967586517334
9.850433826446533,2086-04-01,7.551267385482788,12.237754821777344
14.396130561828613,2086-05-01,11.46776008605957,17.798688888549805
19.85068988800049,2086-06-01,17.51544189453125,21.805612564086914
25.335521697998047,2086-07-01,22.655396461486816,27.66000461578369
27.357540130615234,2086-08-01,24.518534660339355,30.383665084838867
25.539118766784668,2086-09-01,22.85011863708496,28.188916206359863
21.70068359375,2086-10-01,17.938111305236816,25.109485626220703
17.70546817779541,2086-11-01,14.266843795776367,21.388449668884277
14.602953910827637,2086-12-01,11.522758483886719,19.63317584991455
11.043119430541992,2087-01-01,8.506124496459961,14.027746200561523
9.051072597503662,2087-02-01,7.278620004653931,11.70940637588501
8.27549409866333,2087-03-01,6.458619594573975,10.529443740844727
10.107487678527832,2087-04-01,8.248271942138672,12.447574615478516
14.643604755401611,2087-05-01,12.722503185272217,17.07719612121582
19.92138671875,2087-06-01,18.05935764312744,22.285861015319824
25.20328712463379,2087-07-01,23.219849586486816,27.103821754455566
27.230177879333496,2087-08-01,24.70743179321289,30.467042922973633
25.54374599456787,2087-09-01,22.524507522583008,27.70534038543701
21.914172172546387,2087-10-01,19.555343627929688,24.19915771484375
18.370837211608887,2087-11-01,15.186946868896484,21.271032333374023
15.212773323059082,2087-12-01,12.442768573760986,19.89359951019287
11.563756465911865,2088-01-01,9.35798692703247,14.362469673156738
9.560046672821045,2088-02-01,7.713632106781006,12.43257761001587
8.876497268676758,2088-03-01,7.161542177200317,11.057977676391602
10.557784080505371,2088-04-01,8.390840530395508,13.97787857055664
14.604720115661621,2088-05-01,11.94118881225586,17.218222618103027
20.117162704467773,2088-06-01,17.9028902053833,22.18024253845215
25.413853645324707,2088-07-01,23.320134162902832,27.749767303466797
27.226765632629395,2088-08-01,24.19893741607666,29.720494270324707
25.675933837890625,2088-09-01,23.679160118103027,27.746625900268555
22.14595890045166,2088-10-01,18.709457397460938,26.144704818725586
18.451549530029297,2088-11-01,15.324946403503418,21.827847480773926
15.79984998703003,2088-12-01,12.803130626678467,20.71005153656006
11.918116569519043,2089-01-01,9.208991050720215,15.876027584075928
9.577497482299805,2089-02-01,7.583468198776245,12.494698524475098
8.78811502456665,2089-03-01,7.036316633224487,11.027084350585938
10.056375503540039,2089-04-01,8.26522970199585,12.693241119384766
14.385075569152832,2089-05-01,12.37089204788208,17.742236137390137
19.696571350097656,2089-06-01,17.425328254699707,21.865665435791016
25.48303985595703,2089-07-01,22.728546142578125,27.818350791931152
27.58796215057373,2089-08-01,24.686635971069336,30.31558322906494
25.762575149536133,2089-09-01,22.752346992492676,28.786316871643066
22.04354953765869,2089-10-01,18.601521492004395,25.215453147888184
18.148103713989258,2089-11-01,14.911258697509766,20.871273040771484
15.118325233459473,2089-12-01,11.791124820709229,20.907708168029785
11.466140270233154,2090-01-01,8.724191188812256,15.104214191436768
9.318039894104004,2090-02-01,6.486642837524414,13.179946899414062
8.480458736419678,2090-03-01,5.740474700927734,11.678884029388428
10.055501937866211,2090-04-01,7.396791458129883,13.171900749206543
14.503052711486816,2090-05-01,11.783393859863281,17.308012008666992
20.07077121734619,2090-06-01,17.572598457336426,22.923333168029785
25.61125373840332,2090-07-01,23.35063934326172,29.057584762573242
27.582521438598633,2090-08-01,24.51223659515381,31.105518341064453
25.561535835266113,2090-09-01,22.730146408081055,28.525503158569336
21.801140785217285,2090-10-01,18.911144256591797,26.02483558654785
18.151766777038574,2090-11-01,15.341886043548584,21.577040672302246
15.365025043487549,2090-12-01,12.370824813842773,20.312146186828613
11.586512088775635,2091-01-01,8.751595497131348,14.693079948425293
9.305397033691406,2091-02-01,6.860618352890015,12.201138496398926
8.73830270767212,2091-03-01,6.67720365524292,11.593616008758545
10.22386884689331,2091-04-01,8.374583959579468,12.834146976470947
14.503917694091797,2091-05-01,12.11276626586914,16.956862449645996
20.172978401184082,2091-06-01,18.201863288879395,21.855101585388184
25.671452522277832,2091-07-01,23.419333457946777,28.555368423461914
27.79801368713379,2091-08-01,24.842507362365723,31.4073429107666
26.007451057434082,2091-09-01,22.781036376953125,29.043328285217285
22.169950485229492,2091-10-01,18.69680881500244,26.922319412231445
18.23063850402832,2091-11-01,15.183252811431885,22.35866641998291
15.305016040802002,2091-12-01,12.542354583740234,19.155437469482422
11.952215671539307,2092-01-01,9.13707971572876,15.833953857421875
9.609363555908203,2092-02-01,7.3562493324279785,13.018263816833496
8.788036823272705,2092-03-01,6.65884804725647,11.030478954315186
10.352853298187256,2092-04-01,8.196405410766602,12.981675624847412
14.876750946044922,2092-05-01,11.959818840026855,17.364344596862793
20.24408531188965,2092-06-01,17.25619888305664,22.598259925842285
25.598127365112305,2092-07-01,23.22336196899414,28.718276023864746
27.56234073638916,2092-08-01,24.85760498046875,30.532668113708496
25.657243728637695,2092-09-01,21.94426727294922,27.363492012023926
22.48214340209961,2092-10-01,18.30439853668213,26.631291389465332
18.331331253051758,2092-11-01,15.269590854644775,21.90721321105957
15.194910049438477,2092-12-01,12.238451957702637,19.150487899780273
11.775959491729736,2093-01-01,9.058204650878906,15.425063133239746
9.661515712738037,2093-02-01,7.118280649185181,12.82898998260498
8.822949409484863,2093-03-01,6.65949559211731,11.23233413696289
10.341551780700684,2093-04-01,8.065927743911743,13.05829668045044
14.661420345306396,2093-05-01,11.93554162979126,17.397622108459473
20.552821159362793,2093-06-01,17.69870662689209,22.531611442565918
25.868767738342285,2093-07-01,23.175323486328125,28.000791549682617
27.821409225463867,2093-08-01,24.740382194519043,30.972728729248047
26.03325080871582,2093-09-01,22.94829559326172,29.381693840026855
22.49885654449463,2093-10-01,19.52039623260498,25.829922676086426
18.26501178741455,2093-11-01,14.742699146270752,21.467344284057617
15.314158916473389,2093-12-01,12.110437870025635,18.99114990234375
12.119028091430664,2094-01-01,9.688063621520996,14.91327714920044
10.03336763381958,2094-02-01,7.63614296913147,12.617546558380127
9.292123317718506,2094-03-01,7.139367341995239,11.485249996185303
10.762547492980957,2094-04-01,8.779593467712402,13.111775875091553
14.820809364318848,2094-05-01,12.260382175445557,17.27674961090088
20.393535614013672,2094-06-01,17.82158374786377,22.557690620422363
25.866427421569824,2094-07-01,23.029821395874023,28.422892570495605
27.947299003601074,2094-08-01,24.67107391357422,31.22153663635254
26.184956550598145,2094-09-01,23.414273262023926,28.88403034210205
22.006153106689453,2094-10-01,18.684412002563477,25.560935020446777
18.32096576690674,2094-11-01,14.505706787109375,22.249412536621094
15.37134838104248,2094-12-01,11.753201961517334,19.046517372131348
12.030691623687744,2095-01-01,9.898701190948486,15.829447746276855
9.935001850128174,2095-02-01,7.934451341629028,12.913914203643799
8.787986278533936,2095-03-01,6.833722829818726,11.074309349060059
10.086986064910889,2095-04-01,7.933612108230591,12.094036102294922
14.2500638961792,2095-05-01,11.47605037689209,16.51451301574707
20.02992820739746,2095-06-01,17.06909942626953,22.405339241027832
25.569488525390625,2095-07-01,23.360365867614746,28.267486572265625
27.914130210876465,2095-08-01,25.249399185180664,31.14399814605713
26.167539596557617,2095-09-01,23.333197593688965,29.292698860168457
22.090669631958008,2095-10-01,19.181365966796875,24.751248359680176
18.057486534118652,2095-11-01,14.257714748382568,22.094828605651855
15.261553764343262,2095-12-01,11.792909622192383,20.301505088806152
11.805607795715332,2096-01-01,9.2937912940979,15.632843494415283
9.510498523712158,2096-02-01,6.778515100479126,13.376530647277832
8.816094398498535,2096-03-01,6.287062644958496,11.248139381408691
10.190610885620117,2096-04-01,7.881820440292358,13.230945587158203
14.682785511016846,2096-05-01,12.103271007537842,17.801040649414062
20.05850601196289,2096-06-01,17.198575019836426,22.587135314941406
25.455848693847656,2096-07-01,23.140843391418457,29.031590461730957
27.62896156311035,2096-08-01,25.600390434265137,30.498435974121094
26.25070571899414,2096-09-01,23.118663787841797,29.6430082321167
22.52802276611328,2096-10-01,19.90009880065918,25.322733879089355
18.327475547790527,2096-11-01,15.325350761413574,21.581974029541016
15.302544593811035,2096-12-01,12.208009719848633,18.872370719909668
12.06568956375122,2097-01-01,8.815902471542358,15.915915966033936
9.718306541442871,2097-02-01,6.69952130317688,13.868153095245361
8.986215114593506,2097-03-01,6.528520584106445,12.300328731536865
10.93168592453003,2097-04-01,8.474534034729004,14.257193088531494
15.462557315826416,2097-05-01,12.804141521453857,17.978686332702637
20.45046615600586,2097-06-01,17.733689308166504,22.834529876708984
25.8801212310791,2097-07-01,23.02900505065918,28.61693572998047
28.05029296875,2097-08-01,25.33445930480957,30.99555206298828
26.165124893188477,2097-09-01,23.632567405700684,28.202096939086914
22.20339012145996,2097-10-01,18.95374584197998,25.593194007873535
18.21483612060547,2097-11-01,14.521140575408936,22.535640716552734
15.549790382385254,2097-12-01,12.088269233703613,21.126480102539062
12.123402118682861,2098-01-01,9.625234603881836,16.14198589324951
10.004372119903564,2098-02-01,7.3168487548828125,13.867313385009766
9.32738971710205,2098-03-01,7.531412839889526,11.66163444519043
10.704497814178467,2098-04-01,9.069371700286865,13.394609451293945
15.364917278289795,2098-05-01,12.713130474090576,19.052061080932617
20.431961059570312,2098-06-01,17.876171112060547,22.857988357543945
26.22724437713623,2098-07-01,22.52853775024414,29.738001823425293
28.3207368850708,2098-08-01,25.365087509155273,31.00245761871338
26.36032009124756,2098-09-01,23.109155654907227,29.3984317779541
22.473722457885742,2098-10-01,19.164636611938477,25.7467622756958
18.459324836730957,2098-11-01,15.383130550384521,21.318880081176758
15.670379161834717,2098-12-01,12.285522937774658,20.004769325256348
12.287173748016357,2099-01-01,9.430772304534912,15.727148056030273
10.199251174926758,2099-02-01,7.969885587692261,13.370998859405518
9.156497478485107,2099-03-01,6.917981386184692,12.271582126617432
10.648530960083008,2099-04-01,8.554429054260254,14.231982707977295
15.055531978607178,2099-05-01,12.856107711791992,17.667643547058105
20.581196784973145,2099-06-01,18.594040870666504,22.369792938232422
26.111202239990234,2099-07-01,24.047313690185547,28.45976161956787
28.349576950073242,2099-08-01,25.162906646728516,31.591073989868164
26.700045585632324,2099-09-01,24.072312355041504,29.533788681030273
22.73386287689209,2099-10-01,18.99819564819336,26.789199829101562
19.026512145996094,2099-11-01,14.958170890808105,22.756373405456543
16.070545196533203,2099-12-01,12.637585163116455,20.08218765258789
