Year,10th,25th,Median,75th,90th,Zone,forecast year,run
1999,,,,,,A,2013,hindcast
2000,,,,,,A,2013,hindcast
2001,,,,,,A,2013,hindcast
2002,,,,,,A,2013,hindcast
2003,,,,,,A,2013,hindcast
2004,,,,,,A,2013,hindcast
2005,,,,,,A,2013,hindcast
2006,,,,,,A,2013,hindcast
2007,,,,,,A,2013,hindcast
2008,,,,,,A,2013,hindcast
2009,,,,,,A,2013,hindcast
2010,17846697.19,18399003.81,18995949.44,19718443.76,20328338.3,A,2013,hindcast
2011,19233809.75,20216061.06,21180025.59,22177072.62,23303387.78,A,2013,hindcast
2012,21638230.33,22962891.88,24686322.65,26176401.81,27571874.01,A,2013,hindcast
2013,24149536.52,26318668.5,28569186.04,30941760.41,33136480.86,A,2013,hindcast
2014,28186951.72,30729730.17,33943487.33,36942991.98,39320509.36,A,2013,forecast
2015,27560490.82,29873528.05,32367168.88,34939618.26,37676362.79,A,2013,forecast
2016,25906950.92,27954870.71,30194220.57,32790929.29,34882841.17,A,2013,forecast
2017,24811012.87,26553178.14,28631298.97,30998596.29,32980429.62,A,2013,forecast
2018,23399485.66,25029325.17,27007389.59,29233141.11,30927218.35,A,2013,forecast
2019,21761560.23,23418399.46,25229661.81,27274197.96,29075698.54,A,2013,forecast
1999,,,,,,B,2013,hindcast
2000,,,,,,B,2013,hindcast
2001,,,,,,B,2013,hindcast
2002,,,,,,B,2013,hindcast
2003,,,,,,B,2013,hindcast
2004,,,,,,B,2013,hindcast
2005,5944618.393,6262258.225,6670906.25,7149813.034,7664023.939,B,2013,hindcast
2006,6313041.479,6673306.256,7134225.841,7595461.864,8066474.274,B,2013,hindcast
2007,6896224.569,7279696.815,7766322.204,8282334.405,8739439.348,B,2013,hindcast
2008,7650200.732,8150835.184,8649547.462,9263256.518,9811361.241,B,2013,hindcast
2009,8684845.138,9322817.409,10068748.58,10826291.43,11607444.95,B,2013,hindcast
2010,9930890.342,10798186.58,11736356.67,12751987.33,13744150.21,B,2013,hindcast
2011,11110148.04,12500814.75,13873463.71,15193174.35,16347644.29,B,2013,hindcast
2012,12797527.28,14309078.06,16248948.07,17751981.78,19507054.4,B,2013,hindcast
2013,14606939.87,16496407.22,18383802.77,20766992.47,22532395.54,B,2013,hindcast
2014,15333064.31,17242588.44,19605592.24,21915375.14,23965180.48,B,2013,forecast
2015,16172326.16,18019284.28,20364431.94,22697658.84,24829759.62,B,2013,forecast
2016,15468827.45,17200703.18,19277689.39,21449872.34,23131013.5,B,2013,forecast
2017,14807640.2,16446304.12,18142025.95,20009426.98,21779496.69,B,2013,forecast
2018,13957523.58,15549255.06,17230886.9,18864052.59,20411805.51,B,2013,forecast
2019,11169096.5,12426532.4,14034860.55,15628912.32,17248237.83,B,2013,forecast
1999,,,,,,C,2013,hindcast
2000,,,,,,C,2013,hindcast
2001,,,,,,C,2013,hindcast
2002,,,,,,C,2013,hindcast
2003,,,,,,C,2013,hindcast
2004,,,,,,C,2013,hindcast
2005,,,,,,C,2013,hindcast
2006,,,,,,C,2013,hindcast
2007,,,,,,C,2013,hindcast
2008,,,,,,C,2013,hindcast
2009,10127359.01,13046045.04,16726951.52,19965487.24,22963493.92,C,2013,hindcast
2010,13881576.04,17205232.63,21122114.22,25155383.53,29172923.67,C,2013,hindcast
2011,18441819.2,22308995.71,26450945.25,31135924.22,35082730.01,C,2013,hindcast
2012,22353990.72,26701168.66,31749893.53,36478193.16,41026281.96,C,2013,hindcast
2013,23913326.99,28237706.52,33426326.39,38432884.19,43206728.05,C,2013,hindcast
2014,24268744.17,28396679.21,33985815.65,39234564.5,44715362.61,C,2013,forecast
2015,25016651.19,30012775.41,35250909.27,41140271.38,46582627,C,2013,forecast
2016,21447636.57,25923050.06,31004913.97,36369735.07,41145529.85,C,2013,forecast
2017,19217210.78,23851633.86,28497282.28,33408734.97,38007770.08,C,2013,forecast
2018,17878766.75,21980957.72,26370607.39,30999231.44,34903481.29,C,2013,forecast
2019,10255199.44,13863434.39,17739193.54,21781043.61,25127277.83,C,2013,forecast
1999,,,,,,D,2013,hindcast
2000,,,,,,D,2013,hindcast
2001,,,,,,D,2013,hindcast
2002,,,,,,D,2013,hindcast
2003,,,,,,D,2013,hindcast
2004,,,,,,D,2013,hindcast
2005,,,,,,D,2013,hindcast
2006,,,,,,D,2013,hindcast
2007,,,,,,D,2013,hindcast
2008,,,,,,D,2013,hindcast
2009,16050869.32,17370936.73,19157794.18,20955898.33,22863105.36,D,2013,hindcast
2010,17663750.3,19300724.07,21266241.38,23351799.76,25304513.28,D,2013,hindcast
2011,19405415.15,21404787.3,23231853.04,25373129.59,27422195.39,D,2013,hindcast
2012,20772435.81,22894424.26,25087550.29,27444896,29542345.2,D,2013,hindcast
2013,21836064.49,24175352.5,26384045.88,28742096.91,31062197.53,D,2013,hindcast
2014,22432684.86,24417971.81,26733186.88,29240999.64,31571589.35,D,2013,forecast
2015,22667183.41,24345055.4,26551153.25,28733943.71,31050907.06,D,2013,forecast
2016,22168754.28,23834883.32,26030611.3,28243480.55,29948371.62,D,2013,forecast
2017,20939159.41,22598550.52,24567437.85,26487630.9,28062964.81,D,2013,forecast
2018,19133071.5,20453504.08,22074892.45,24047838.76,25848531.65,D,2013,forecast
2019,18805780.9,20074456.45,21800155.8,23390570.54,25116502.22,D,2013,forecast
1999,4254970.762,4539446.994,4879024.225,5210277.613,5519638.58,E,2013,hindcast
2000,4291879.9,4573896.151,4861541.229,5171652.982,5464031.092,E,2013,hindcast
2001,4193195.855,4453541.682,4747407.549,5013339.28,5336989.517,E,2013,hindcast
2002,4318962.7,4566961.638,4869803.776,5163823.499,5458252.606,E,2013,hindcast
2003,4315988.914,4562728.417,4879600.637,5151231.431,5464145.554,E,2013,hindcast
2004,4419288.579,4695311.661,4988819.678,5308493.204,5589399.723,E,2013,hindcast
2005,4544108.132,4807243.176,5173161.423,5510065.804,5846844.727,E,2013,hindcast
2006,4756976.145,5057584.304,5475419.955,5864830.491,6260178.553,E,2013,hindcast
2007,4875372.913,5227032.108,5602568.17,6023908.843,6381239.88,E,2013,hindcast
2008,5160904.41,5566472.16,5968940.916,6426794.105,6859227.455,E,2013,hindcast
2009,5229296.737,5598184.057,6100046.441,6584113.398,7016969.181,E,2013,hindcast
2010,5355970.791,5828114.55,6294012.006,6789035.863,7244711.782,E,2013,hindcast
2011,5422795.913,5877983.879,6339257.733,6822990.099,7276716.109,E,2013,hindcast
2012,5586541.067,5990482.244,6438724.911,6953666.045,7356588.043,E,2013,hindcast
2013,5562088.595,6000030.053,6436166.725,6916600.67,7313060.383,E,2013,hindcast
2014,5355102.063,5779844.487,6228543.511,6660032.656,7147538.824,E,2013,forecast
2015,5214185.58,5590734.017,6016483.861,6432421.302,6835607.199,E,2013,forecast
2016,5146571.272,5505442.103,5923643.249,6395070.567,6798217.313,E,2013,forecast
2017,4891318.022,5203310.297,5548876.326,5985350.799,6382388.704,E,2013,forecast
2018,4267787.542,4541470.173,4896927.128,5217566.075,5545629.389,E,2013,forecast
2019,4189628.96,4458072.058,4763646.356,5063978.535,5357618.612,E,2013,forecast
1999,,,,,,F,2013,hindcast
2000,,,,,,F,2013,hindcast
2001,,,,,,F,2013,hindcast
2002,,,,,,F,2013,hindcast
2003,,,,,,F,2013,hindcast
2004,,,,,,F,2013,hindcast
2005,,,,,,F,2013,hindcast
2006,,,,,,F,2013,hindcast
2007,,,,,,F,2013,hindcast
2008,,,,,,F,2013,hindcast
2009,6634009.093,8053159.843,9834022.426,11779827.37,13486962.09,F,2013,hindcast
2010,7695245.933,9473190.826,11440948.42,13396379.7,15555555.39,F,2013,hindcast
2011,8315252.156,10443936.5,12688874.43,15272631.92,17481771.97,F,2013,hindcast
2012,8907013.375,10864634.09,13322405.5,15491991.33,17697771.94,F,2013,hindcast
2013,8741415.985,10350838.68,12486498.16,14612574.61,16454176.87,F,2013,hindcast
2014,8320919.489,10009459.93,12006274.26,14260231.02,16105020.9,F,2013,forecast
2015,8855230.385,11064483.27,13399846.75,15776975.2,18168683.27,F,2013,forecast
2016,8330968.024,10189247.25,12182883.41,14352343.85,16404654.94,F,2013,forecast
2017,7247444.219,8393567.787,9896141.904,11427507.71,12973577.44,F,2013,forecast
2018,5980611.754,7035312.162,8290500.1,9576567.874,10686280.94,F,2013,forecast
2019,5091819.202,5809204.457,6940338.508,8116777.843,9139825.295,F,2013,forecast
1999,,,,,,G,2013,hindcast
2000,,,,,,G,2013,hindcast
2001,,,,,,G,2013,hindcast
2002,,,,,,G,2013,hindcast
2003,,,,,,G,2013,hindcast
2004,,,,,,G,2013,hindcast
2005,,,,,,G,2013,hindcast
2006,,,,,,G,2013,hindcast
2007,,,,,,G,2013,hindcast
2008,,,,,,G,2013,hindcast
2009,2783642.026,3324651.308,3878544.876,4475365.751,4943424.559,G,2013,hindcast
2010,2375782.806,2919661.94,3547497.773,4152030.697,4609060.492,G,2013,hindcast
2011,2879571.809,3308313.88,3747079.198,4240683.648,4631896.441,G,2013,hindcast
2012,3426233.517,3773652.792,4164320.022,4561406.475,4843769.166,G,2013,hindcast
2013,3377392.415,3684932.225,4064206.527,4438655.217,4749439.231,G,2013,hindcast
2014,2871730.494,3303929.14,3781931.457,4200282.039,4576265.4,G,2013,forecast
2015,2809910.166,3255240.322,3665062.422,4095818.189,4503270.97,G,2013,forecast
2016,3462701.949,3789322.033,4127487.983,4425536.389,4716651.671,G,2013,forecast
2017,3789934.995,4099879.606,4454128.276,4777124.655,5031627.746,G,2013,forecast
2018,3969436.302,4274249.666,4617978.02,4950880.273,5200804.69,G,2013,forecast
2019,4161023.882,4444887.699,4837090.752,5191167.02,5463040.739,G,2013,forecast
1999,,,,,,A,2014,hindcast
2000,,,,,,A,2014,hindcast
2001,,,,,,A,2014,hindcast
2002,,,,,,A,2014,hindcast
2003,,,,,,A,2014,hindcast
2004,,,,,,A,2014,hindcast
2005,,,,,,A,2014,hindcast
2006,,,,,,A,2014,hindcast
2007,,,,,,A,2014,hindcast
2008,,,,,,A,2014,hindcast
2009,,,,,,A,2014,hindcast
2010,15623837.78,17196469.43,18938293.78,20819436.17,22589839.39,A,2014,hindcast
2011,17342558.85,19358993.04,21526853.49,23823403.7,25768974.11,A,2014,hindcast
2012,19683664.96,22162199.02,24434401.41,26974353.39,29113840.94,A,2014,hindcast
2013,21932247.02,24790299.37,27441344.11,30051790.35,33005177.93,A,2014,hindcast
2014,22853224.63,25511736.48,28348814.94,31286012.7,34228338.1,A,2014,hindcast
2015,22162207.12,24767502.32,27515396.82,30504739.45,32832315.61,A,2014,forecast
2016,21138670.46,23447692.93,26027214.75,28717026.23,30828537.47,A,2014,forecast
2017,20332929.65,22351549.26,24532222.23,27082612.88,29000924.42,A,2014,forecast
2018,17830756.95,19626389.47,21595227.44,23732252.43,25536405.88,A,2014,forecast
2019,16206256.42,17704382.31,19512498.89,21367028.14,23048740.93,A,2014,forecast
2020,14825065.27,16078239.84,17591786.55,18971587.25,20461406.95,A,2014,forecast
1999,,,,,,B,2014,hindcast
2000,,,,,,B,2014,hindcast
2001,,,,,,B,2014,hindcast
2002,,,,,,B,2014,hindcast
2003,,,,,,B,2014,hindcast
2004,,,,,,B,2014,hindcast
2005,5683373.879,5960822.304,6373986.016,6863413.248,7284837.272,B,2014,hindcast
2006,6229619.246,6588824.183,7052919.187,7530755.746,8015271.121,B,2014,hindcast
2007,6934958.44,7355237.689,7846103.854,8401353.024,8888165.604,B,2014,hindcast
2008,7812326.795,8382865.672,9067698.521,9772657.261,10428000.89,B,2014,hindcast
2009,8916707.24,9707016.761,10568981.37,11376032.15,12115367.13,B,2014,hindcast
2010,10036953.19,10928216.92,11901363.06,13126977.89,14215720.58,B,2014,hindcast
2011,11174859.54,12487713.8,13683886.49,15117758.78,16381979.11,B,2014,hindcast
2012,12712535.95,14246495.25,15753132.09,17410509.57,18857389.2,B,2014,hindcast
2013,14061503.73,15721190.55,17443331.5,19270148.55,21039733.22,B,2014,hindcast
2014,14662289.27,16450897.05,18294345.71,20289952.37,22198884.47,B,2014,hindcast
2015,15034072.25,16769741.08,18756460.45,20914205.7,22880404.28,B,2014,forecast
2016,14738547.13,16408341.95,18248486.11,20142950.2,21944379.89,B,2014,forecast
2017,13578509.78,15065281.92,16831955.48,18578206.96,19997190.16,B,2014,forecast
2018,12684479.24,14063061.32,15687552.4,17304635.91,18757408.41,B,2014,forecast
2019,11536204.19,12866686.02,14368593.98,15957980.96,17420430.65,B,2014,forecast
2020,9859485.282,10906583.95,12321124.36,13735916.14,15142879.52,B,2014,forecast
1999,,,,,,C,2014,hindcast
2000,,,,,,C,2014,hindcast
2001,,,,,,C,2014,hindcast
2002,,,,,,C,2014,hindcast
2003,,,,,,C,2014,hindcast
2004,,,,,,C,2014,hindcast
2005,,,,,,C,2014,hindcast
2006,,,,,,C,2014,hindcast
2007,,,,,,C,2014,hindcast
2008,,,,,,C,2014,hindcast
2009,9490942.982,13116190.53,16411363.59,20824117.39,24463716.12,C,2014,hindcast
2010,13287049.39,16694075.77,21267361.57,25291486.66,29595798.54,C,2014,hindcast
2011,16980837.11,20854086.65,25882226.19,30958723.7,34872984.95,C,2014,hindcast
2012,20932472.63,25126190.81,30930557.73,35773195.12,40790796.99,C,2014,hindcast
2013,23435320.09,28129007.12,33597484.54,38418117.45,43144436.3,C,2014,hindcast
2014,22759989.08,27815601.84,32988172.06,38895860.92,44141891.85,C,2014,hindcast
2015,22252540.37,27055199.44,32304461.79,37855025.34,43224501.18,C,2014,forecast
2016,19823460.42,23982914.95,28841485.28,34179378.94,39394420.85,C,2014,forecast
2017,16521994.49,20418124.52,25293704.46,30158575.83,34745056.97,C,2014,forecast
2018,11784311.03,16066653.64,20588821.35,24974575.38,29149989.9,C,2014,forecast
2019,8433507.827,11789383.81,15735996.11,19972116.96,23145944.93,C,2014,forecast
2020,6172214.06,8982387.892,12012364.43,15616568.2,19061246.47,C,2014,forecast
1999,,,,,,D,2014,hindcast
2000,,,,,,D,2014,hindcast
2001,,,,,,D,2014,hindcast
2002,,,,,,D,2014,hindcast
2003,,,,,,D,2014,hindcast
2004,,,,,,D,2014,hindcast
2005,,,,,,D,2014,hindcast
2006,,,,,,D,2014,hindcast
2007,,,,,,D,2014,hindcast
2008,,,,,,D,2014,hindcast
2009,16254177.03,17803000.36,19582803.51,21365201.7,23080596.39,D,2014,hindcast
2010,17673494.41,19333184.06,21278839.31,23167599.1,24643499.29,D,2014,hindcast
2011,19075350.11,20952778.09,22799595.68,24929490.66,27003755.04,D,2014,hindcast
2012,20645654.18,22440868.89,24416353.44,26474359.87,28513591.79,D,2014,hindcast
2013,21705346.75,23599154.96,25694228.92,27906099.24,29876972.88,D,2014,hindcast
2014,21963595.11,23837785.4,25934025.41,28112852.5,30070199.58,D,2014,hindcast
2015,21810210.06,23478377.12,25452702.28,27572781.66,29623960.92,D,2014,forecast
2016,21461992.29,22999527.7,24945580.72,26893940.23,28909792.69,D,2014,forecast
2017,20081565.04,21509852.4,23541349.11,25308897.31,26939461.64,D,2014,forecast
2018,19332612.97,20797374.96,22562422.2,24302888.8,25833951.03,D,2014,forecast
2019,17098593.92,18480170.99,20087503.01,21793698.45,23162142.07,D,2014,forecast
2020,16481004.57,17690271.91,19058066.52,20538326.78,21831709.5,D,2014,forecast
1999,4288248.23,4585032.4,4876654.992,5224438.262,5529946.128,E,2014,hindcast
2000,4281567.815,4577445.37,4886084.205,5207033.34,5515313.113,E,2014,hindcast
2001,4187907.777,4446433.204,4743473.401,5045374.586,5312851.36,E,2014,hindcast
2002,4301503.717,4539641.193,4809408.725,5140583.469,5360784.703,E,2014,hindcast
2003,4303507.489,4544700.062,4859112.211,5142432.542,5429068.097,E,2014,hindcast
2004,4420923.012,4702504.709,5015644.119,5309379.309,5594507.362,E,2014,hindcast
2005,4541177.146,4851842.195,5201102.385,5521819.652,5867194.245,E,2014,hindcast
2006,4715448.416,5088027.764,5410357.596,5844006.937,6192292.641,E,2014,hindcast
2007,4879981.814,5217520.375,5594011.722,6025763.461,6418484.704,E,2014,hindcast
2008,5127747.749,5507003.045,5961454.994,6427102.017,6841075.859,E,2014,hindcast
2009,5250449.783,5616095.508,6085235.55,6559543.75,7045452.66,E,2014,hindcast
2010,5351464.379,5763530.531,6231614.855,6728433.262,7177140.479,E,2014,hindcast
2011,5441084.112,5852832.111,6312932.039,6763438.231,7162478.913,E,2014,hindcast
2012,5595587.199,6007058.01,6475503.931,6943730.79,7391733.538,E,2014,hindcast
2013,5570916.932,5992895.817,6454042.991,6975967.932,7397370.066,E,2014,hindcast
2014,5405558.229,5771918.407,6230995.419,6660941.126,7105721.952,E,2014,hindcast
2015,5295836.481,5664963.806,6142929.934,6564182.807,6989841.59,E,2014,forecast
2016,5093207.287,5438615.777,5866382.711,6315630.441,6738625.521,E,2014,forecast
2017,4754306.848,5109565.654,5506526.233,5918872.375,6295716.396,E,2014,forecast
2018,4427915.491,4730137.913,5089609.62,5441843.63,5767055.96,E,2014,forecast
2019,4206707.04,4467869.892,4778913.179,5142924.568,5465974.978,E,2014,forecast
2020,3842644.455,4060402.854,4293898.651,4542869.571,4769344.119,E,2014,forecast
1999,,,,,,F,2014,hindcast
2000,,,,,,F,2014,hindcast
2001,,,,,,F,2014,hindcast
2002,,,,,,F,2014,hindcast
2003,,,,,,F,2014,hindcast
2004,,,,,,F,2014,hindcast
2005,,,,,,F,2014,hindcast
2006,,,,,,F,2014,hindcast
2007,,,,,,F,2014,hindcast
2008,,,,,,F,2014,hindcast
2009,4234447.024,6934199.804,9797389.214,12980718.86,15830685.64,F,2014,hindcast
2010,5686056.43,8105088.585,11483855.66,14769182.37,17267282.96,F,2014,hindcast
2011,7120955.676,9575440.412,12540420.51,15431423.18,18809998.03,F,2014,hindcast
2012,7457940.742,9961131.457,13171408.34,16394692.53,19460624.06,F,2014,hindcast
2013,7148792.449,9871015.893,12782142.38,15865241.17,18748900.71,F,2014,hindcast
2014,6353442.546,8820645.494,11800892.87,14390666.37,17490956.13,F,2014,hindcast
2015,5536600.667,8184658.034,10748783.64,13598398.16,15993906.22,F,2014,forecast
2016,3939296.069,5919589.896,8393683.114,10490111.48,12561231.94,F,2014,forecast
2017,2209100.905,3882374.014,5827041.159,7880798.923,9791799.934,F,2014,forecast
2018,408378.2233,1770732.93,3393278.973,5075617.086,6560175.508,F,2014,forecast
2019,-1276307.711,-270715.1128,1187050.863,2581262.659,3805754.477,F,2014,forecast
2020,-2621476.549,-1717385.043,-611993.3674,493181.9078,1380992.685,F,2014,forecast
1999,,,,,,G,2014,hindcast
2000,,,,,,G,2014,hindcast
2001,,,,,,G,2014,hindcast
2002,,,,,,G,2014,hindcast
2003,,,,,,G,2014,hindcast
2004,,,,,,G,2014,hindcast
2005,,,,,,G,2014,hindcast
2006,,,,,,G,2014,hindcast
2007,,,,,,G,2014,hindcast
2008,,,,,,G,2014,hindcast
2009,2292269.289,2928808.324,3571135.209,4237925.967,4905383.937,G,2014,hindcast
2010,2719355.598,3281040.362,3931931.329,4659916.223,5267402.345,G,2014,hindcast
2011,2830308.707,3394029.238,4067138.627,4700406.539,5372603.347,G,2014,hindcast
2012,2950980.744,3495053.627,4041572.263,4632632.823,5131364.73,G,2014,hindcast
2013,2951912.526,3423433.377,4027202.894,4596033.552,5060938.427,G,2014,hindcast
2014,2919974.917,3473304.636,4038958.463,4651350.521,5148512.558,G,2014,hindcast
2015,2806845.186,3339104.372,3882931.284,4416501.283,4951847.222,G,2014,forecast
2016,2479168.078,2904240.515,3430432.327,3949782.092,4460037.883,G,2014,forecast
2017,2081921.139,2524112.508,2953568.876,3455948.553,3953284.331,G,2014,forecast
2018,1652221.864,2060135.435,2491804.961,2975460.061,3413026.181,G,2014,forecast
2019,1288335.691,1642999.195,2081639.635,2512556.796,2866819.679,G,2014,forecast
2020,988137.5318,1256274.809,1572726.046,1947268.056,2270951.267,G,2014,forecast
1999,,,,,,A,2015,hindcast
2000,,,,,,A,2015,hindcast
2001,,,,,,A,2015,hindcast
2002,,,,,,A,2015,hindcast
2003,,,,,,A,2015,hindcast
2004,,,,,,A,2015,hindcast
2005,,,,,,A,2015,hindcast
2006,,,,,,A,2015,hindcast
2007,,,,,,A,2015,hindcast
2008,,,,,,A,2015,hindcast
2009,,,,,,A,2015,hindcast
2010,14983584.62,16823451.86,18971827.2,21113940.6,23297438.57,A,2015,hindcast
2011,17119094.11,19090035.41,21481626.52,23964389.32,26066456.54,A,2015,hindcast
2012,18878767.53,21374758.02,24121661.22,26990202.65,29568616.65,A,2015,hindcast
2013,21370134.45,24205530.9,27172265.17,30357020.6,33004030.34,A,2015,hindcast
2014,22125018.02,24530063.96,27580164.53,30686614.52,33629884.6,A,2015,hindcast
2015,21356010.79,23764476.54,26349935.92,29473707.64,32070140.91,A,2015,hindcast
2016,20239582.47,22472633.74,25288576.26,28022207.11,30265284.44,A,2015,forecast
2017,18388159.07,20464138.69,22988324.78,25333442.53,27450672.11,A,2015,forecast
2018,16372677.53,18182887.5,20300143.62,22815053.69,24773093.98,A,2015,forecast
2019,14541602.77,16182150.72,17885869.65,19808524.57,21606156.3,A,2015,forecast
2020,12608828.85,13881486.18,15487599.69,17210039.19,18657656.03,A,2015,forecast
2021,10528877.39,11733185.72,13078872.26,14493613.46,15759186.44,A,2015,forecast
1999,,,,,,B,2015,hindcast
2000,,,,,,B,2015,hindcast
2001,,,,,,B,2015,hindcast
2002,,,,,,B,2015,hindcast
2003,,,,,,B,2015,hindcast
2004,,,,,,B,2015,hindcast
2005,5625440.118,5926514.856,6307001.812,6718907.074,7124544.475,B,2015,hindcast
2006,6163906.079,6524309.504,6999423.401,7467417.498,7904902.085,B,2015,hindcast
2007,6995164.122,7433036.85,7921840.365,8435278.542,9009591.503,B,2015,hindcast
2008,8124461.331,8683818.846,9311143.948,10004208.49,10653129.12,B,2015,hindcast
2009,9250076.547,9936846.407,10765449.78,11733699.44,12488800.55,B,2015,hindcast
2010,10271073.86,11193868.86,12341966.5,13428765.45,14568971.67,B,2015,hindcast
2011,11367421.36,12441003.76,13771123.18,14997443.43,16162394.21,B,2015,hindcast
2012,12523214.34,13974272.53,15416783.77,16988103.92,18499779.53,B,2015,hindcast
2013,13561761.24,15188417.42,16831314.79,18535292.08,20085478.6,B,2015,hindcast
2014,14442203.96,15707669.01,17511702.76,19516792.52,21318412.79,B,2015,hindcast
2015,14168615.77,15931884.24,17769734.15,19376379.69,21164537.71,B,2015,hindcast
2016,14244837.61,15668204.25,17374444.39,19063829.08,20759861.5,B,2015,forecast
2017,13169214.9,14475807.06,16025094.51,17648182.91,19102256.31,B,2015,forecast
2018,12034681.14,13386882.24,14836219.18,16158353.65,17714573.81,B,2015,forecast
2019,11044620.57,12122524.97,13516040.89,14884356.18,16140383.27,B,2015,forecast
2020,9578225.72,10794023.16,12069462,13422739.77,14590397.18,B,2015,forecast
2021,8587625.997,9488523.702,10713214.99,11956282.76,12975014.17,B,2015,forecast
1999,,,,,,C,2015,hindcast
2000,,,,,,C,2015,hindcast
2001,,,,,,C,2015,hindcast
2002,,,,,,C,2015,hindcast
2003,,,,,,C,2015,hindcast
2004,,,,,,C,2015,hindcast
2005,,,,,,C,2015,hindcast
2006,,,,,,C,2015,hindcast
2007,,,,,,C,2015,hindcast
2008,,,,,,C,2015,hindcast
2009,10122503.39,13222980,16670044.6,20119152.46,23867838.08,C,2015,hindcast
2010,13585765.55,17072927.4,20961963.12,24918105.38,28724233.21,C,2015,hindcast
2011,17646747.42,21742219.89,25525451.55,30055703.49,34313871.46,C,2015,hindcast
2012,21326952.29,25613969.03,30646069.9,36095524.92,40717821.44,C,2015,hindcast
2013,23681675.98,27349845.21,32451602.6,37355726.4,42349419.69,C,2015,hindcast
2014,22516891.07,27643235.05,32990839.72,38393202.07,42676208.59,C,2015,hindcast
2015,22741300.25,27195488.86,32347700.24,37887749,43353248.79,C,2015,hindcast
2016,20613298.19,25105825.59,30314647.5,35704858.79,40390073.97,C,2015,forecast
2017,16366713.08,21180378.03,25866582.63,30531971.99,34753771.78,C,2015,forecast
2018,12856688.83,17075938.24,21442324.36,25840944.09,30189779.08,C,2015,forecast
2019,8682265.192,12620409.38,16606078.21,20783037.48,24561388.27,C,2015,forecast
2020,5878268.731,8468910.252,11578402.13,14998621.04,18096674.61,C,2015,forecast
2021,1336098.819,3788788.353,6565412.99,9390576.752,11995360.57,C,2015,forecast
1999,,,,,,D,2015,hindcast
2000,,,,,,D,2015,hindcast
2001,,,,,,D,2015,hindcast
2002,,,,,,D,2015,hindcast
2003,,,,,,D,2015,hindcast
2004,,,,,,D,2015,hindcast
2005,,,,,,D,2015,hindcast
2006,,,,,,D,2015,hindcast
2007,,,,,,D,2015,hindcast
2008,,,,,,D,2015,hindcast
2009,17175215.88,18432766.72,19759810.71,21178581.56,22603649.83,D,2015,hindcast
2010,18105206.36,19527035.12,21153805.27,22719751.75,24259096.12,D,2015,hindcast
2011,19625364.44,21057014.45,22770772.13,24233285.88,25928081.22,D,2015,hindcast
2012,20849843.77,22286622.9,24167331.34,26038618.86,27742382.38,D,2015,hindcast
2013,22098161.3,23519472.58,25378163.68,27148626.23,28791984.6,D,2015,hindcast
2014,22264144.35,23665273.32,25442744.17,27536533.22,29388418.69,D,2015,hindcast
2015,22105397.14,23636655.39,25153847.81,27193311.85,28826012.41,D,2015,hindcast
2016,21525990.72,23020387.49,24753249.37,26539523.54,27880123.5,D,2015,forecast
2017,21041789.3,22545982.21,24045291.54,25594231.82,27013532.29,D,2015,forecast
2018,19889175.04,21188233.31,22741986.33,24352911.71,25740396.79,D,2015,forecast
2019,18583093.31,19824089.5,21175896.59,22763835.78,24008732.62,D,2015,forecast
2020,17413394.92,18404246.05,19551221.08,20874496.75,22050452.47,D,2015,forecast
2021,16029183.25,16829860.06,17991856.71,19085007.69,20004742.37,D,2015,forecast
1999,4326448.011,4587163.115,4916053.688,5222661.878,5510232.38,E,2015,hindcast
2000,4314668.148,4565453.238,4899345.003,5245806.063,5554987.761,E,2015,hindcast
2001,4225988.147,4454778.677,4722134.614,5056974.385,5347198.648,E,2015,hindcast
2002,4318214.39,4551310.1,4852153.827,5151742.667,5427144.609,E,2015,hindcast
2003,4322744.982,4572221.499,4863448.689,5174096.115,5449227.149,E,2015,hindcast
2004,4397025.192,4670073.48,4963347.209,5275453.975,5576640.594,E,2015,hindcast
2005,4606052.669,4894193.268,5176903.413,5535317.233,5873562.02,E,2015,hindcast
2006,4753993.692,5071153.396,5449436.206,5839188.586,6168218.788,E,2015,hindcast
2007,4864318.958,5256626.444,5653603.06,6061642.843,6393580.445,E,2015,hindcast
2008,5115010.135,5493100.755,5928107.545,6374021.325,6742603.374,E,2015,hindcast
2009,5242421.976,5660578.846,6140993.321,6532044.888,6936678.17,E,2015,hindcast
2010,5396661.003,5786676.849,6304530.384,6771875.984,7224714.864,E,2015,hindcast
2011,5344150.066,5867443.526,6351261.267,6857387.962,7266996.218,E,2015,hindcast
2012,5545754.404,5950764.212,6419526.401,6904616.224,7330107.583,E,2015,hindcast
2013,5570209.389,5949861.35,6394338.119,6861430.893,7349438.719,E,2015,hindcast
2014,5422692.607,5818663.959,6267186.065,6706589.123,7067855.756,E,2015,hindcast
2015,5350722.729,5731955.548,6155456.334,6611801.447,6988062.037,E,2015,hindcast
2016,5127126.867,5473884.402,5900870.55,6316305.393,6726025.953,E,2015,forecast
2017,4781082.458,5154637.953,5516854.627,5939566.722,6350420.217,E,2015,forecast
2018,4516337.35,4810726.847,5197168.601,5590160.71,5935407.771,E,2015,forecast
2019,4217439.88,4484187.174,4802757.018,5111541.091,5412348.778,E,2015,forecast
2020,3937411.301,4149779.461,4388730.486,4652196.38,4877073.752,E,2015,forecast
2021,3688815.062,3879066.708,4075851.783,4284976.387,4455822.641,E,2015,forecast
1999,,,,,,F,2015,hindcast
2000,,,,,,F,2015,hindcast
2001,,,,,,F,2015,hindcast
2002,,,,,,F,2015,hindcast
2003,,,,,,F,2015,hindcast
2004,,,,,,F,2015,hindcast
2005,,,,,,F,2015,hindcast
2006,,,,,,F,2015,hindcast
2007,,,,,,F,2015,hindcast
2008,,,,,,F,2015,hindcast
2009,6870933.691,8248753.826,9816788.45,11403324.73,12928240.18,F,2015,hindcast
2010,7723488.021,9601694.781,11400932.73,13476506.65,15356427.22,F,2015,hindcast
2011,8510103.945,10195064.76,12488585.09,14607571.91,16658510.88,F,2015,hindcast
2012,9478288.453,11046773.93,12985629.44,15002367.98,16867377.64,F,2015,hindcast
2013,8883537.622,10427975.63,12224100.48,14178501.85,16012708.31,F,2015,hindcast
2014,8813262.367,10289994.17,12253999.52,14102388.16,16104107,F,2015,hindcast
2015,8615471.023,10305918.01,12427783.08,14584116.01,16270950.15,F,2015,hindcast
2016,8585744.953,9933783.474,11610151.61,13367684.43,14768367.93,F,2015,forecast
2017,7364508.807,8446491.617,9776047.835,10964637.14,12089231.39,F,2015,forecast
2018,6087581.428,6930029.542,8036183.766,9215959.222,10210492.07,F,2015,forecast
2019,5105637.557,5854080.876,6820241.645,7848339.433,8649921.389,F,2015,forecast
2020,4636656.333,5145554.56,5826324.507,6508321.954,7134427.006,F,2015,forecast
2021,4207692.058,4746799.981,5320617.079,5905446.779,6420214.564,F,2015,forecast
1999,,,,,,G,2015,hindcast
2000,,,,,,G,2015,hindcast
2001,,,,,,G,2015,hindcast
2002,,,,,,G,2015,hindcast
2003,,,,,,G,2015,hindcast
2004,,,,,,G,2015,hindcast
2005,,,,,,G,2015,hindcast
2006,,,,,,G,2015,hindcast
2007,,,,,,G,2015,hindcast
2008,,,,,,G,2015,hindcast
2009,3067623.307,3369009.063,3756608.712,4154794.243,4520479.262,G,2015,hindcast
2010,3331716.205,3659549.018,4013146.4,4407888.561,4743947.24,G,2015,hindcast
2011,3446764.692,3740749.865,4062820.919,4427434.214,4764426.412,G,2015,hindcast
2012,3524899.911,3807628.314,4090511.602,4423910.475,4731423.019,G,2015,hindcast
2013,3511567.974,3776150.167,4104482.426,4427992.412,4733838.767,G,2015,hindcast
2014,3399144.058,3703303.04,3997630.543,4359734.622,4632896.622,G,2015,hindcast
2015,3362094.268,3610273.594,3906839.249,4248156.329,4507878.442,G,2015,hindcast
2016,3163872.304,3417951.428,3677974.586,3959976.012,4217859.122,G,2015,forecast
2017,2946041.664,3161146.695,3435830.174,3676889.096,3905240.814,G,2015,forecast
2018,2696363.584,2901156.255,3123814.366,3381595.284,3630005.34,G,2015,forecast
2019,2486244.473,2651202.777,2861001.326,3081862.866,3299443.802,G,2015,forecast
2020,2294358.341,2449925.271,2617010.269,2807901.599,2984739.939,G,2015,forecast
2021,2151494.424,2265835.062,2396059.791,2527287.731,2666303.975,G,2015,forecast
1999,,,,,,A,2016,hindcast
2000,,,,,,A,2016,hindcast
2001,,,,,,A,2016,hindcast
2002,,,,,,A,2016,hindcast
2003,,,,,,A,2016,hindcast
2004,,,,,,A,2016,hindcast
2005,,,,,,A,2016,hindcast
2006,,,,,,A,2016,hindcast
2007,,,,,,A,2016,hindcast
2008,,,,,,A,2016,hindcast
2009,,,,,,A,2016,hindcast
2010,14614037.8,16790618.64,18943600.16,21277763.98,23063711.83,A,2016,hindcast
2011,16736271.16,19338965,22098526.18,24462341.05,26573101.67,A,2016,hindcast
2012,19629300.07,21807699.58,24477509.79,27587967.91,30190351.17,A,2016,hindcast
2013,22252505.71,24805643.36,28113012.97,31328288.21,33853682.98,A,2016,hindcast
2014,21394077.72,24617780.27,27708417.91,31009017.76,34080291.03,A,2016,hindcast
2015,21365910.08,24111041.63,27121512.54,29951567.8,32787679.4,A,2016,hindcast
2016,20922998.07,23080522.1,25901719.57,28659517.69,31214651.83,A,2016,hindcast
2017,18474954.99,20905035.59,23396687.37,25806835.94,28172943.52,A,2016,forecast
2018,17206971.01,19111298.05,21314731.86,23718503.82,25839369.95,A,2016,forecast
2019,14773447.85,16681405.15,18529790.86,20554038.59,22379335.59,A,2016,forecast
2020,13222647.45,14699287.25,16554428.65,18295959.49,19892212.71,A,2016,forecast
2021,10752662.13,11855654.3,13284825.42,14774763.57,16169927.93,A,2016,forecast
2022,9664880.781,10658194.72,11792221.95,12947320.86,13952959.99,A,2016,forecast
1999,,,,,,B,2016,hindcast
2000,,,,,,B,2016,hindcast
2001,,,,,,B,2016,hindcast
2002,,,,,,B,2016,hindcast
2003,,,,,,B,2016,hindcast
2004,,,,,,B,2016,hindcast
2005,5785710.36,6073005.884,6441079.071,6858488.068,7314571.648,B,2016,hindcast
2006,6292032.678,6624021.373,7058683.259,7512276.522,7936301.234,B,2016,hindcast
2007,7008170.753,7429993.299,7922933.959,8462928.819,8930803.899,B,2016,hindcast
2008,7905522.742,8463780.459,9086436.561,9735513.47,10328094.53,B,2016,hindcast
2009,8957849.486,9655776.287,10441210.51,11263125.43,11848693.32,B,2016,hindcast
2010,10072899.43,10962677.12,11935435.52,12962367.2,13920198.84,B,2016,hindcast
2011,11063602.63,12291171.6,13561781.28,14914283.11,16046025.58,B,2016,hindcast
2012,12650513.02,13895888.42,15463998.44,17022248.12,18604974.76,B,2016,hindcast
2013,13846103.92,15431595.12,17149978.49,18921155.91,20454881.88,B,2016,hindcast
2014,14425033.15,15920696.68,17971011.83,19933165.89,21633797.92,B,2016,hindcast
2015,14994658.78,16708107.32,18503433.68,20533383.94,22271005.87,B,2016,hindcast
2016,14373674.13,15840267.48,17699713.91,19468165.88,20996201.56,B,2016,hindcast
2017,13702336.26,15026421.18,16614379.34,18271215.92,19703524.61,B,2016,forecast
2018,13149182.43,14388342.22,15851740.97,17418733.35,18766992.05,B,2016,forecast
2019,11494322.65,12556940.12,14061293.03,15485341.64,16786828.96,B,2016,forecast
2020,10423755.69,11523856.81,13074008.09,14519099.52,15722860.05,B,2016,forecast
2021,9654554.216,10719920.11,11897499.71,13244351.36,14469790.83,B,2016,forecast
2022,8823411.288,9731805.71,10786338.77,11890012.1,12847976.5,B,2016,forecast
1999,,,,,,C,2016,hindcast
2000,,,,,,C,2016,hindcast
2001,,,,,,C,2016,hindcast
2002,,,,,,C,2016,hindcast
2003,,,,,,C,2016,hindcast
2004,,,,,,C,2016,hindcast
2005,,,,,,C,2016,hindcast
2006,,,,,,C,2016,hindcast
2007,,,,,,C,2016,hindcast
2008,,,,,,C,2016,hindcast
2009,10869602.53,13560078.13,16737770.06,19965734.97,23010717.31,C,2016,hindcast
2010,14595062.13,17476201.8,21134776.04,25021527.04,28301139.77,C,2016,hindcast
2011,18066445.48,21582068.39,25737159.14,29907768.9,33343115.57,C,2016,hindcast
2012,22460984.75,26583866.98,30612186.77,35435608.44,39137033.52,C,2016,hindcast
2013,25005029.78,28429461.46,33316910.62,38242863.9,42522895.74,C,2016,hindcast
2014,23651777.63,27829585.47,32644211.86,37750053.19,42134479.25,C,2016,hindcast
2015,24009864.78,28577108.58,33683355.22,38719763.94,43572799.25,C,2016,hindcast
2016,22047953.4,26827722.99,31358953.14,36921566.43,41456782.7,C,2016,hindcast
2017,19130859.63,23540649.03,28148131.44,32809178.69,36731112.17,C,2016,forecast
2018,17178452.58,21198116.71,25256262.37,30273554.02,33705466.53,C,2016,forecast
2019,13158169.74,16637236.77,20834444.17,24630042.26,27453703.85,C,2016,forecast
2020,9467355.674,12197581.56,15448786.23,18805880.13,21994542.35,C,2016,forecast
2021,6440530.434,9002481.96,11705972.81,14568214.76,17386388.28,C,2016,forecast
2022,3268736.676,5126189.925,7481238.351,10058398.64,12266913.58,C,2016,forecast
1999,,,,,,D,2016,hindcast
2000,,,,,,D,2016,hindcast
2001,,,,,,D,2016,hindcast
2002,,,,,,D,2016,hindcast
2003,,,,,,D,2016,hindcast
2004,,,,,,D,2016,hindcast
2005,,,,,,D,2016,hindcast
2006,,,,,,D,2016,hindcast
2007,,,,,,D,2016,hindcast
2008,,,,,,D,2016,hindcast
2009,17140822.77,18322895.09,19685108.59,21290391.92,23006336.28,D,2016,hindcast
2010,18164331.62,19509599.67,20932990.41,22480107.38,24086694.4,D,2016,hindcast
2011,19708791.8,21159035.08,22692526.62,24333555.47,25834447.2,D,2016,hindcast
2012,20888499.16,22557213.02,24305297.26,25984165.52,27613843.48,D,2016,hindcast
2013,21679108.16,23329413.13,25197128.12,27157432.99,29039261.95,D,2016,hindcast
2014,21865225.23,23767277.24,25562373.07,27442663.98,28903685.31,D,2016,hindcast
2015,22128764.74,23479771.41,25364443.97,27059739.92,28572547.02,D,2016,hindcast
2016,21948410.16,23208762.18,24838469.22,26553272.79,28011973.47,D,2016,hindcast
2017,21337140.76,22581596.15,23983816.23,25565836.42,27028697.58,D,2016,forecast
2018,20210253.38,21358367.52,22848561.15,24313279.17,25670445.14,D,2016,forecast
2019,18979304.41,20008498.39,21426932.05,22981380.02,24237277.02,D,2016,forecast
2020,17947121.55,18946432.67,20300172,21474998.11,22794007.54,D,2016,forecast
2021,17530128.1,18476787.87,19441792.14,20667756.62,21746235.51,D,2016,forecast
2022,15908810.61,16717638.42,17624560.02,18490521.92,19401688.26,D,2016,forecast
1999,4283733.481,4574813.502,4900003.782,5249159.79,5601504.918,E,2016,hindcast
2000,4246908.78,4516664.842,4864712.18,5249423.991,5570406.008,E,2016,hindcast
2001,4178420.315,4443635.868,4733379.822,5085666.245,5365171.993,E,2016,hindcast
2002,4240888.094,4511085.144,4866377.864,5184541.813,5538015.12,E,2016,hindcast
2003,4299244.91,4580188.671,4902322.007,5233014.658,5533817.022,E,2016,hindcast
2004,4393626.77,4699767.243,5011089.622,5324821.427,5677405.68,E,2016,hindcast
2005,4496722.912,4822203.467,5217223.422,5598588.755,5953663.985,E,2016,hindcast
2006,4754245.505,5133850.755,5513445.318,5963111.66,6337370.383,E,2016,hindcast
2007,4865156.382,5274476.761,5726210.576,6190064.041,6620030.615,E,2016,hindcast
2008,5201788.032,5586429.009,6035690.79,6516973.112,6962686.532,E,2016,hindcast
2009,5280824.062,5712711.421,6217991.082,6707740.534,7182704.81,E,2016,hindcast
2010,5374681.704,5854394.283,6366822.191,6947727.756,7390004.353,E,2016,hindcast
2011,5503176.632,5933225.756,6404079.081,6960131.756,7409034.064,E,2016,hindcast
2012,5615009.958,6050464.204,6594795.001,7116701.601,7590437.662,E,2016,hindcast
2013,5662653.892,6076536.67,6575886.939,7084582.408,7526745.181,E,2016,hindcast
2014,5371845.625,5850663.506,6353872.756,6845060.406,7341411.406,E,2016,hindcast
2015,5234538.27,5710905.185,6203907.601,6742309.513,7245602.003,E,2016,hindcast
2016,5151081.849,5496255.849,5963846.526,6436230.742,6847705.94,E,2016,hindcast
2017,4824829.605,5216190.785,5651895.654,6058425.054,6440022.91,E,2016,forecast
2018,4673147.782,5034414.696,5421729.913,5820644.729,6166695.225,E,2016,forecast
2019,4274926.504,4545660.766,4906394.54,5244750.295,5574214.412,E,2016,forecast
2020,3970343.041,4207301.601,4472826.442,4744574.082,4971982.335,E,2016,forecast
2021,3691873.082,3855926.219,4065037.826,4284657.639,4512304.891,E,2016,forecast
2022,3625134.969,3770776.22,3932785.437,4100091.309,4270580.195,E,2016,forecast
1999,,,,,,F,2016,hindcast
2000,,,,,,F,2016,hindcast
2001,,,,,,F,2016,hindcast
2002,,,,,,F,2016,hindcast
2003,,,,,,F,2016,hindcast
2004,,,,,,F,2016,hindcast
2005,,,,,,F,2016,hindcast
2006,,,,,,F,2016,hindcast
2007,,,,,,F,2016,hindcast
2008,,,,,,F,2016,hindcast
2009,7087705.267,8349067.416,10143579.02,11812768.45,13405431.35,F,2016,hindcast
2010,8351079.356,9765107.313,11591035.44,13294548.79,15169524.5,F,2016,hindcast
2011,8816075.959,10704645.83,13087778.22,15362388.14,17853102.73,F,2016,hindcast
2012,9233502.97,10906743.53,12920048.31,15060889.77,17242455.79,F,2016,hindcast
2013,8841511.708,10431890.94,12345281.76,14284663.22,15849029.17,F,2016,hindcast
2014,8850613.668,10168230.55,11929015.32,13413954.17,15162874.91,F,2016,hindcast
2015,9200575.381,11143247.78,13472084.06,15593671.51,17680930,F,2016,hindcast
2016,8927978.711,10681455.85,12715952.82,14640377.41,16572943.94,F,2016,hindcast
2017,8015187.683,8981169.423,10130142.66,11420635.95,12676204.35,F,2016,forecast
2018,6952531.691,7800538.225,8951041.173,10105461,11197774.68,F,2016,forecast
2019,6076853.817,6737802.662,7724681.936,8917738.1,9836633.513,F,2016,forecast
2020,5799562.852,6211829.046,6780174.072,7364324.594,7871391.014,F,2016,forecast
2021,5572583.461,6020142.43,6670418.113,7327544.203,7856835.924,F,2016,forecast
2022,5164356.744,5665425.403,6381443.021,6995187.599,7723202.885,F,2016,forecast
1999,,,,,,G,2016,hindcast
2000,,,,,,G,2016,hindcast
2001,,,,,,G,2016,hindcast
2002,,,,,,G,2016,hindcast
2003,,,,,,G,2016,hindcast
2004,,,,,,G,2016,hindcast
2005,,,,,,G,2016,hindcast
2006,,,,,,G,2016,hindcast
2007,,,,,,G,2016,hindcast
2008,,,,,,G,2016,hindcast
2009,3228834.304,3656095.139,4131460.458,4675408.158,5122224.062,G,2016,hindcast
2010,2987557.028,3450552.2,3930828.767,4410043.698,4881513.667,G,2016,hindcast
2011,2989783.019,3413923.966,3879788.48,4352728.621,4778416.277,G,2016,hindcast
2012,2973315.936,3386261.663,3809942.447,4257715.858,4661509.831,G,2016,hindcast
2013,3160893.85,3578056.761,3967735.037,4419480.245,4772208.527,G,2016,hindcast
2014,3339304.939,3730596.448,4190186.619,4574541.584,4932718.52,G,2016,hindcast
2015,3597250.392,3970597.502,4372529.112,4733886.548,5033469.152,G,2016,hindcast
2016,4025699.563,4335036.547,4725667.783,5057582.775,5362797.692,G,2016,hindcast
2017,4456971.312,4767259.991,5076655.532,5410036.712,5676698.848,G,2016,forecast
2018,4837859.752,5117431.092,5403570.282,5709796.889,5966693.017,G,2016,forecast
2019,5313734.876,5558810.114,5838990.616,6089944.63,6314054.472,G,2016,forecast
2020,5730288.886,5928989.757,6137808.742,6357818.164,6530287.221,G,2016,forecast
2021,6091603.205,6256645.35,6433792.347,6605310.608,6737122.109,G,2016,forecast
2022,6431173.246,6547805.428,6692992.503,6828916.038,6943661.148,G,2016,forecast
1999,,,,,,A,2017,hindcast
2000,,,,,,A,2017,hindcast
2001,,,,,,A,2017,hindcast
2002,,,,,,A,2017,hindcast
2003,,,,,,A,2017,hindcast
2004,,,,,,A,2017,hindcast
2005,,,,,,A,2017,hindcast
2006,,,,,,A,2017,hindcast
2007,,,,,,A,2017,hindcast
2008,,,,,,A,2017,hindcast
2009,,,,,,A,2017,hindcast
2010,15219593.02,16928024.9,19137243.32,21239804.82,23415063.89,A,2017,hindcast
2011,16906493.76,19458290.35,22069652.6,24659783.97,26963313.51,A,2017,hindcast
2012,19317507.27,21927485.95,24627108.34,27750675.44,30324759.78,A,2017,hindcast
2013,21718755.54,24967101.21,27732113.66,30813556.16,33617659.71,A,2017,hindcast
2014,22098524.58,25072918.69,28157477.06,31503053.89,34276504.03,A,2017,hindcast
2015,21641105.05,24156021.15,27335994.33,30147114.36,33330396.07,A,2017,hindcast
2016,20832297.35,23251111.47,26030646.37,28576038.53,31161628.82,A,2017,hindcast
2017,19013152.18,21222477.2,23691632.67,26206998.87,28603657.26,A,2017,hindcast
2018,17154258.68,19234941.82,21349421.45,23436389.36,25433174.39,A,2017,forecast
2019,15159160.04,16802676.79,18649620.35,20539857.22,22218461.51,A,2017,forecast
2020,13363675.27,14626290.52,16241172.45,18052067,19548866.28,A,2017,forecast
2021,11311025.14,12651002.6,14135773.94,15577925.24,16880022.43,A,2017,forecast
2022,10125157.01,11007994.52,12100502.46,13216704.13,14319550.22,A,2017,forecast
2023,8610377.016,9363131.058,10347141.43,11302399.91,12075270.83,A,2017,forecast
1999,,,,,,B,2017,hindcast
2000,,,,,,B,2017,hindcast
2001,,,,,,B,2017,hindcast
2002,,,,,,B,2017,hindcast
2003,,,,,,B,2017,hindcast
2004,,,,,,B,2017,hindcast
2005,5791097.279,6096134.989,6475924.153,6888767.736,7323707.489,B,2017,hindcast
2006,6263470.133,6612552.23,7015463.82,7504626.484,7942844.082,B,2017,hindcast
2007,6981624.644,7433546.285,7931711.083,8412096.288,8935324.163,B,2017,hindcast
2008,7888343.101,8453663.008,9053416.119,9623199.747,10208969.39,B,2017,hindcast
2009,8908200.175,9588532.058,10439395.21,11235203.7,11974149.42,B,2017,hindcast
2010,10122108.62,10952265.51,11995065.7,12956320.37,13874679.17,B,2017,hindcast
2011,11147474.59,12358708.42,13593963.26,14825042.09,16115386.86,B,2017,hindcast
2012,12649448.88,13957162.34,15527545.95,17021325.21,18460853.63,B,2017,hindcast
2013,13682718.8,15215588.16,16910504.37,18668448.67,20529352.5,B,2017,hindcast
2014,14306895.12,15887264.95,18054388.11,20085245.73,21716170.55,B,2017,hindcast
2015,14627819.83,16333812.29,18313005.65,20227084.6,21897395.69,B,2017,hindcast
2016,14081399.85,15772537.22,17678816.73,19574038.78,21139783.13,B,2017,hindcast
2017,13379997.55,15005973.61,16606507.15,18111861.15,19682254.47,B,2017,hindcast
2018,12652614.68,13959291.33,15407299.88,16790403.38,18024372.8,B,2017,forecast
2019,11454902.86,12785972.51,14164706.66,15525665.57,16965728.37,B,2017,forecast
2020,10386657.25,11500265.49,12924895.07,14415646.21,15676438.13,B,2017,forecast
2021,9365791.709,10453313,11566116.78,12897870.87,14201838.4,B,2017,forecast
2022,8430126.415,9160904.293,10321085.17,11477826.59,12536802.17,B,2017,forecast
2023,7405375.573,8073577.067,9040730.456,10066672.37,11097948.13,B,2017,forecast
1999,,,,,,C,2017,hindcast
2000,,,,,,C,2017,hindcast
2001,,,,,,C,2017,hindcast
2002,,,,,,C,2017,hindcast
2003,,,,,,C,2017,hindcast
2004,,,,,,C,2017,hindcast
2005,,,,,,C,2017,hindcast
2006,,,,,,C,2017,hindcast
2007,,,,,,C,2017,hindcast
2008,,,,,,C,2017,hindcast
2009,9638140.51,12947227.94,16552122.85,20443082.9,24671288.45,C,2017,hindcast
2010,13425335.59,17053874.86,21100604.14,25383393.6,29583627.5,C,2017,hindcast
2011,17771761.87,22247471.73,26745158.47,31163314.85,35625131.11,C,2017,hindcast
2012,21194708.5,25902067.91,30954640.63,36260902.77,41512647.71,C,2017,hindcast
2013,22982359.67,27890233.52,32997872.71,38771937.26,44166198.43,C,2017,hindcast
2014,23819229.24,28438267.39,33562035.29,39058900.37,44162217.1,C,2017,hindcast
2015,22785480.69,27382295.64,32753953.3,38443489.12,43802663.11,C,2017,hindcast
2016,21079165.9,25355934.51,30680923.16,36026167.22,41473606.32,C,2017,hindcast
2017,17910860.77,21701442.69,27058660.74,32032836.35,37076238.48,C,2017,hindcast
2018,15127025.17,19380516.9,23892606.98,27984551.8,31953222.38,C,2017,forecast
2019,10554472.75,14477939.61,18740622.83,23229316.07,27010766.27,C,2017,forecast
2020,6734475.777,10164717.54,13532388.44,17189130.7,20596262.5,C,2017,forecast
2021,3664274.461,6316502.777,9633586.085,12768283.78,15653154.89,C,2017,forecast
2022,528701.3589,2812866.272,5638591.902,8438165.766,11056687.51,C,2017,forecast
2023,-2643366.524,-952667.2102,1466294.048,3871836.662,6208438.96,C,2017,forecast
1999,,,,,,D,2017,hindcast
2000,,,,,,D,2017,hindcast
2001,,,,,,D,2017,hindcast
2002,,,,,,D,2017,hindcast
2003,,,,,,D,2017,hindcast
2004,,,,,,D,2017,hindcast
2005,,,,,,D,2017,hindcast
2006,,,,,,D,2017,hindcast
2007,,,,,,D,2017,hindcast
2008,,,,,,D,2017,hindcast
2009,16496227.44,17998279.42,19604863.17,21197098.4,22870490.43,D,2017,hindcast
2010,17737424.03,19519026.97,21103468.78,22928847.42,24496383.19,D,2017,hindcast
2011,18947203.21,20501367.52,22266677.87,24054765.05,25793560.1,D,2017,hindcast
2012,20231866.59,21998770.36,23892779.29,26079089.79,27860794.25,D,2017,hindcast
2013,21300112.98,23024232.31,25170437.12,27321727.41,28987220.9,D,2017,hindcast
2014,21641109.36,23344925.39,25166778.03,27103434.73,28979317.87,D,2017,hindcast
2015,21274654.73,22872899.83,24647294.63,26813810.49,28483287.59,D,2017,hindcast
2016,20914256.51,22472638,24386926.1,26123006.59,27824534.39,D,2017,hindcast
2017,20496915.03,21799982.49,23470157.4,25069508.71,26627136.03,D,2017,hindcast
2018,19328408.43,20642699.78,22105213.3,23789497.07,25368093.57,D,2017,forecast
2019,17984223.24,19226548.42,20772894.34,22197523.68,23781467.96,D,2017,forecast
2020,16769643.4,17923064.15,19193471.84,20465733.88,21815857.33,D,2017,forecast
2021,15385029.62,16438694.24,17530984.97,18791147.54,20024958.23,D,2017,forecast
2022,14234938.61,15068533.31,16067534.95,17125959.56,18074056,D,2017,forecast
2023,13151456.26,13800363.56,14609532.06,15443026.54,16256466.14,D,2017,forecast
1999,4274723.603,4577416.093,4923312.754,5260106.478,5588542.577,E,2017,hindcast
2000,4330695.067,4624535.847,4935316.916,5281221.849,5595384.089,E,2017,hindcast
2001,4184804.646,4453777.845,4778782.913,5119018.033,5413549.495,E,2017,hindcast
2002,4327956.083,4564453.185,4877420.525,5220709.736,5549922.9,E,2017,hindcast
2003,4319523.284,4601349.29,4902451.388,5225791.057,5511721.236,E,2017,hindcast
2004,4417727.222,4718283.747,5007487.69,5350417.717,5610239.08,E,2017,hindcast
2005,4613977.395,4887724.724,5248081.824,5645107.996,5966152.073,E,2017,hindcast
2006,4780596.593,5128719.12,5517780.335,5938687.064,6330151.013,E,2017,hindcast
2007,4880747.357,5298795.67,5770735.947,6247140.684,6665306.568,E,2017,hindcast
2008,5235222.549,5636949.806,6076651.27,6564773.342,6995312.96,E,2017,hindcast
2009,5235909.977,5650370.08,6162800.295,6678867.497,7129821.225,E,2017,hindcast
2010,5467684.783,5912796.57,6423309.64,6964855.628,7437756.188,E,2017,hindcast
2011,5520719.87,6011975.026,6499746.996,6983941.374,7431400.281,E,2017,hindcast
2012,5613492.94,6032922.948,6606014.685,7115835.346,7614796.543,E,2017,hindcast
2013,5623148.75,6079917.409,6567193.077,7115141.677,7501432.168,E,2017,hindcast
2014,5532520.47,5908409.753,6369275.566,6854803.253,7323440.419,E,2017,hindcast
2015,5385714.814,5795714.261,6299474.135,6796638.404,7182916.251,E,2017,hindcast
2016,5108683.508,5522067.532,5972770.921,6481439.926,6911277.958,E,2017,hindcast
2017,4840502.442,5226915.418,5638722.948,6042955.302,6440588.634,E,2017,hindcast
2018,4643525.03,4935586.432,5344825.988,5734571.145,6106160.549,E,2017,forecast
2019,4295857.995,4594160.966,4937155.118,5295225.918,5584547.92,E,2017,forecast
2020,4072345.265,4306148.607,4567080.487,4836244.027,5088725.182,E,2017,forecast
2021,3829505.715,3987779.692,4204452.743,4440277.187,4639325.154,E,2017,forecast
2022,3565164.977,3719702.744,3899658.913,4079657.396,4228004.89,E,2017,forecast
2023,3398539.191,3503471.587,3643467.667,3771255.037,3895396.428,E,2017,forecast
1999,,,,,,F,2017,hindcast
2000,,,,,,F,2017,hindcast
2001,,,,,,F,2017,hindcast
2002,,,,,,F,2017,hindcast
2003,,,,,,F,2017,hindcast
2004,,,,,,F,2017,hindcast
2005,,,,,,F,2017,hindcast
2006,,,,,,F,2017,hindcast
2007,,,,,,F,2017,hindcast
2008,,,,,,F,2017,hindcast
2009,7719860.876,8979801.134,10516602.15,12083082.63,13518241.35,F,2017,hindcast
2010,8739800.382,10118977.79,11676190.47,13401995.66,14936648.07,F,2017,hindcast
2011,8902035.716,10572285.07,12909634.85,15312466.07,17617676.48,F,2017,hindcast
2012,9479711.824,11118262.72,12916566.23,15036484.7,16701430.28,F,2017,hindcast
2013,9103680.357,10441426.05,12222108.78,14305380,16025081.05,F,2017,hindcast
2014,9139370.167,10350760.32,12084125.8,13707153.9,15067894.73,F,2017,hindcast
2015,9807912.757,11224035.75,13118587.53,15325819.39,17284971.91,F,2017,hindcast
2016,9284426.613,10803604.3,12740966.18,14440936.77,16215806.66,F,2017,hindcast
2017,8367913.389,9299895.987,10475264.55,11544448.43,12662012.43,F,2017,hindcast
2018,7380103.414,8249787.804,9245493.932,10304100.3,11312117.04,F,2017,forecast
2019,6538030.983,7171751.034,8027350.149,9219679.681,10076120.94,F,2017,forecast
2020,6326495.442,6727602.628,7290578.611,7786221.177,8257742.864,F,2017,forecast
2021,6105522.06,6573733.811,7176239.134,7792797.537,8380653.233,F,2017,forecast
2022,5696198.551,6173087.312,6773278.436,7481485.94,8009188.465,F,2017,forecast
2023,5824132.803,6036466.83,6309324.842,6607052.931,6833784.557,F,2017,forecast
1999,,,,,,G,2017,hindcast
2000,,,,,,G,2017,hindcast
2001,,,,,,G,2017,hindcast
2002,,,,,,G,2017,hindcast
2003,,,,,,G,2017,hindcast
2004,,,,,,G,2017,hindcast
2005,,,,,,G,2017,hindcast
2006,,,,,,G,2017,hindcast
2007,,,,,,G,2017,hindcast
2008,,,,,,G,2017,hindcast
2009,3709931.667,3889023.566,4106886.979,4325007.971,4522685.496,G,2017,hindcast
2010,3585325.175,3770367.472,4011838.938,4226690.555,4405028.476,G,2017,hindcast
2011,3560012.44,3753845.749,3975897.33,4185850.815,4332824.535,G,2017,hindcast
2012,3517560.17,3712324.293,3941694.031,4148561.846,4328765.686,G,2017,hindcast
2013,3624050.386,3784915.9,3987035.37,4181362.577,4344103.828,G,2017,hindcast
2014,3720762.685,3900808.823,4089159.391,4271606.806,4441769.982,G,2017,hindcast
2015,3837309.161,4021996.784,4184423.316,4366035.181,4515257.168,G,2017,hindcast
2016,4025283.262,4174327.641,4358239.772,4512508.588,4643687.006,G,2017,hindcast
2017,4215613.806,4345128.013,4511852.227,4652921.105,4788562.783,G,2017,hindcast
2018,4417039.608,4539843.453,4679272.313,4807348.97,4910747.853,G,2017,forecast
2019,4632753.529,4727060.407,4848149.564,4958842.664,5048989.006,G,2017,forecast
2020,4811802.046,4901192.092,4997506.964,5084870.508,5180639.715,G,2017,forecast
2021,4991288.699,5064953.127,5137833.329,5211502.196,5277425.243,G,2017,forecast
2022,5137882.596,5192810.61,5256364.049,5320834.26,5374878.557,G,2017,forecast
2023,5261470.826,5302130.59,5350726.04,5396177.246,5435772.108,G,2017,forecast
1999,,,,,,A,2018,hindcast
2000,,,,,,A,2018,hindcast
2001,,,,,,A,2018,hindcast
2002,,,,,,A,2018,hindcast
2003,,,,,,A,2018,hindcast
2004,,,,,,A,2018,hindcast
2005,,,,,,A,2018,hindcast
2006,,,,,,A,2018,hindcast
2007,,,,,,A,2018,hindcast
2008,,,,,,A,2018,hindcast
2009,,,,,,A,2018,hindcast
2010,18023020.23,18837753.28,19720205.24,20656986.67,21498230.77,A,2018,hindcast
2011,19421191.25,20507031.34,21726872.48,23027256.44,24189741.44,A,2018,hindcast
2012,21295018.69,22631466.51,24219600.37,25822242.18,27346133.78,A,2018,hindcast
2013,23342703.18,24836852.44,26696486.65,28452923.24,30025200.87,A,2018,hindcast
2014,24622921.07,26453191.92,28446849.57,30612443.09,32307257.86,A,2018,hindcast
2015,24233823.73,26039400.78,28068407.68,30141763.84,31957058.82,A,2018,hindcast
2016,23588927.86,25073644.61,26752246.61,28748602.92,30508161.12,A,2018,hindcast
2017,22485623.79,23932073.54,25466289.86,27218471.94,29062570.72,A,2018,hindcast
2018,21454902.82,22631627.56,24176268.96,25673294.04,26976053.84,A,2018,hindcast
2019,20246605.6,21457499.29,22808858.14,24117737.36,25520334.58,A,2018,forecast
2020,19137044.41,20164381.22,21407246.46,22616903.42,23632581.92,A,2018,forecast
2021,18249416.72,19011054.9,20014996.98,20981521.34,21933220.44,A,2018,forecast
2022,17504593.59,18141204.59,18903659.28,19737072.57,20581901.68,A,2018,forecast
2023,16799079.25,17392196.95,18054208.69,18730871.59,19368984.29,A,2018,forecast
2024,16097259.96,16624391.35,17265238.66,17894538.96,18525369.6,A,2018,forecast
1999,,,,,,B,2018,hindcast
2000,,,,,,B,2018,hindcast
2001,,,,,,B,2018,hindcast
2002,,,,,,B,2018,hindcast
2003,,,,,,B,2018,hindcast
2004,,,,,,B,2018,hindcast
2005,5934260.206,6277197.928,6662195.495,7119614.513,7557981.961,B,2018,hindcast
2006,6419661.333,6714896,7122006.528,7579539.529,7951279.749,B,2018,hindcast
2007,7005510.492,7358556.121,7842516.718,8336024.212,8758036.939,B,2018,hindcast
2008,7800829.073,8249073.178,8805347.179,9467730.707,9989528.282,B,2018,hindcast
2009,8803091.538,9403031.103,10118743.61,10830393.65,11540480.68,B,2018,hindcast
2010,10010709.75,10760598.49,11659932.56,12646337.48,13490336.44,B,2018,hindcast
2011,11288901.92,12335257.93,13588345.89,14708876.86,15900336.43,B,2018,hindcast
2012,12428357.85,13870254.16,15529860.05,17221256.99,18586278.08,B,2018,hindcast
2013,14011952.45,15677178.43,17520053.96,19333652.79,21010784.49,B,2018,hindcast
2014,14733884.19,16334033.11,18343327.39,20351164.49,22301831.38,B,2018,hindcast
2015,14675692.07,16537651.13,18574897.57,20565673.92,22450028.55,B,2018,hindcast
2016,14598935.25,16137900.29,18082588.58,19798481.77,21580924.42,B,2018,hindcast
2017,13622445.7,15030777.26,16815489.56,18391358.63,19713814.57,B,2018,hindcast
2018,12859135.16,14240295.26,15790853.36,17208067.3,18625890.52,B,2018,hindcast
2019,11800451.62,13012739.3,14373514.18,15962122.25,17351270.23,B,2018,forecast
2020,10854872.48,12026621.28,13475431.77,14809971.63,16088104.31,B,2018,forecast
2021,9780238.748,10894227.66,12140769.39,13512357.39,14690260.41,B,2018,forecast
2022,8971937.139,9910144.859,11025872.18,12329126.97,13360524.81,B,2018,forecast
2023,7919951.172,8709417.588,9684512.535,10765027.17,11805681.85,B,2018,forecast
2024,7358357.392,8051900.721,8984560.087,9808613.841,10637371.13,B,2018,forecast
1999,,,,,,C,2018,hindcast
2000,,,,,,C,2018,hindcast
2001,,,,,,C,2018,hindcast
2002,,,,,,C,2018,hindcast
2003,,,,,,C,2018,hindcast
2004,,,,,,C,2018,hindcast
2005,,,,,,C,2018,hindcast
2006,,,,,,C,2018,hindcast
2007,,,,,,C,2018,hindcast
2008,,,,,,C,2018,hindcast
2009,13212555.93,14861923.06,16943724.25,19279622.57,21178933.03,C,2018,hindcast
2010,16819017.58,19008951.02,21383196.12,24001487.03,26321001.81,C,2018,hindcast
2011,20149319.08,22802808.6,25671383.32,28814978.59,31279690.8,C,2018,hindcast
2012,23371394.23,26433503.61,29920264.2,33275314.31,36502618.69,C,2018,hindcast
2013,25921222.53,28971651.55,33112224.04,36847288.74,40363800.85,C,2018,hindcast
2014,26061668.5,29747440.75,34047967.92,38434062.48,42066171.83,C,2018,hindcast
2015,25651167.68,29111625.49,33237205.17,38067536.39,41949123.33,C,2018,hindcast
2016,23889559.08,27907433.54,31766310.71,35729140.65,40047030.83,C,2018,hindcast
2017,22320776.04,25473378.98,29531669.97,32984580.7,36974902.24,C,2018,hindcast
2018,20733722.86,23690704.44,27033622.31,30687213.12,33848728.06,C,2018,hindcast
2019,17613933.35,20592307.16,23973957.98,27432558.69,30506309.5,C,2018,forecast
2020,15595679,18067709.91,20906061.74,23849184.4,26408490.67,C,2018,forecast
2021,13364678.93,15558268.36,18241209.43,20567015.16,22831966.58,C,2018,forecast
2022,11059687.13,12981030.11,15077675.39,17438438.93,19575056.16,C,2018,forecast
2023,9497202.232,11188710.79,13118191.43,15206498.13,17155225.88,C,2018,forecast
2024,7638120.684,9142963.007,10934066.32,12996430.84,14582183.31,C,2018,forecast
1999,,,,,,D,2018,hindcast
2000,,,,,,D,2018,hindcast
2001,,,,,,D,2018,hindcast
2002,,,,,,D,2018,hindcast
2003,,,,,,D,2018,hindcast
2004,,,,,,D,2018,hindcast
2005,,,,,,D,2018,hindcast
2006,,,,,,D,2018,hindcast
2007,,,,,,D,2018,hindcast
2008,,,,,,D,2018,hindcast
2009,16578196.21,17965906.34,19457282.03,21224016.09,22715921.98,D,2018,hindcast
2010,17807167.12,19213680.62,21032153.17,22593758.1,24119953.11,D,2018,hindcast
2011,19263191.33,20756009.35,22451461.33,24378767.63,26006697.92,D,2018,hindcast
2012,20544569.24,22169134.41,23842147.49,25712911.96,27352551.21,D,2018,hindcast
2013,21496975.78,23111366.41,24917508.82,26958597.78,28659559.45,D,2018,hindcast
2014,21733913.67,23577792.58,25370605.75,27202210.91,28619096.8,D,2018,hindcast
2015,21631079.24,23204259.77,25032214.62,26748721.97,28376036.62,D,2018,hindcast
2016,21334568.76,22760056.11,24437751.41,26239863.68,28040200.59,D,2018,hindcast
2017,20193151.38,21515383.3,23220712.88,24950839.14,26457204.09,D,2018,hindcast
2018,19329952.85,20723848.35,22309774.11,24044975.87,25460040.7,D,2018,hindcast
2019,18292640.19,19598936.67,21016287.05,22509623.61,23930286.83,D,2018,forecast
2020,17116347.09,18228589.62,19562647.43,20945382.87,22104999.66,D,2018,forecast
2021,16092373.62,17016082.93,18217349.36,19348151.65,20447318.04,D,2018,forecast
2022,14830974.31,15590122.21,16634246.59,17773490.68,18489405.84,D,2018,forecast
2023,13898227.88,14574144.56,15357198.77,16173940.27,16889555.41,D,2018,forecast
2024,13053935.08,13604868.38,14276136.25,14917605.58,15454685.24,D,2018,forecast
1999,4415436.297,4678356.077,4992870.539,5369264.898,5699254.395,E,2018,hindcast
2000,4402688.66,4708880.931,5050494.718,5383256.979,5712544.33,E,2018,hindcast
2001,4297120.451,4574678.643,4866860.689,5205887.579,5469350.582,E,2018,hindcast
2002,4441845.17,4701465.493,4977812.05,5283207.326,5579401.68,E,2018,hindcast
2003,4460709.471,4723512.197,5049306.38,5326057.168,5608949.165,E,2018,hindcast
2004,4521495.158,4789360.034,5125778.953,5466975.061,5729268.973,E,2018,hindcast
2005,4706501.898,4999316.139,5357725.97,5685622.76,5978703.238,E,2018,hindcast
2006,4931204.98,5236812.921,5636814.808,6050276.322,6391363.072,E,2018,hindcast
2007,4983766.782,5382305.388,5834149.869,6231778.997,6651205.412,E,2018,hindcast
2008,5263496.372,5632921.591,6092294.851,6566301.26,7007898.609,E,2018,hindcast
2009,5396369.941,5813732.874,6282745.415,6807251.886,7259156.515,E,2018,hindcast
2010,5547943.734,5955967.401,6432959.767,6965556.687,7469615.18,E,2018,hindcast
2011,5583710.703,5988711.425,6477306.288,7020799.402,7512303.514,E,2018,hindcast
2012,5716859.303,6127426.428,6591205.21,7102679.421,7587188.012,E,2018,hindcast
2013,5755276.798,6147511.705,6671628.138,7123488.082,7549836.258,E,2018,hindcast
2014,5573251.875,5973983.641,6415339.867,6897992.191,7316926.421,E,2018,hindcast
2015,5423895.727,5831309.136,6297290.424,6718030.393,7163814.465,E,2018,hindcast
2016,5162918.291,5565155.193,5984049.531,6472637.255,6856926.177,E,2018,hindcast
2017,4950646.93,5247628.264,5662120.846,6071616.087,6464046.758,E,2018,hindcast
2018,4760311.336,5082334.245,5435629.261,5824285.123,6159880.175,E,2018,hindcast
2019,4495325.795,4785346.956,5158205.016,5493117.27,5786324.255,E,2018,forecast
2020,4262173.841,4499804.261,4788662.136,5074100.587,5312179.826,E,2018,forecast
2021,4066135.601,4263671.506,4487946.232,4715630.591,4942615.504,E,2018,forecast
2022,3850589.605,4010138.602,4184264.259,4370983.967,4550727.196,E,2018,forecast
2023,3693547.151,3822670.353,3962608.548,4116740.876,4275259.196,E,2018,forecast
2024,3523908.944,3621626.59,3735148.699,3859803.192,3972132.275,E,2018,forecast
1999,,,,,,F,2018,hindcast
2000,,,,,,F,2018,hindcast
2001,,,,,,F,2018,hindcast
2002,,,,,,F,2018,hindcast
2003,,,,,,F,2018,hindcast
2004,,,,,,F,2018,hindcast
2005,,,,,,F,2018,hindcast
2006,,,,,,F,2018,hindcast
2007,,,,,,F,2018,hindcast
2008,,,,,,F,2018,hindcast
2009,10642790.45,11094340.47,11637851.06,12168280.44,12581153.05,F,2018,hindcast
2010,11077021.5,11620985.37,12266681.78,12944306.52,13539553.83,F,2018,hindcast
2011,11275266.08,11878770.21,12589006.5,13420742.51,14124432.65,F,2018,hindcast
2012,11418801.09,12018557.26,12654799.8,13417996.17,14139331.24,F,2018,hindcast
2013,11378834.31,11904124.54,12543997.7,13151325.31,13837460.95,F,2018,hindcast
2014,11284213.12,11850369.77,12453563.86,13084285.05,13661005.63,F,2018,hindcast
2015,11421350.97,11988898.34,12667176.49,13385966.38,13963200.14,F,2018,hindcast
2016,11309952.13,11753404.31,12467855.75,13100563.22,13700933.09,F,2018,hindcast
2017,10932894.43,11301324.18,11762433.94,12225333.99,12727748.14,F,2018,hindcast
2018,10663536.42,10945838.99,11302982.95,11650646.97,12055563.21,F,2018,hindcast
2019,10258779.05,10528467.24,10820510.9,11176536.48,11509746.01,F,2018,forecast
2020,10092086.72,10254512.28,10474011.18,10720281.17,10933507.36,F,2018,forecast
2021,9959201.4,10120896.93,10313279.59,10504781.58,10675386.74,F,2018,forecast
2022,9842018.753,9972125.066,10199836.65,10417205.76,10586038.53,F,2018,forecast
2023,9799329.943,9923814.696,10057036.5,10210132.15,10351421.61,F,2018,forecast
2024,9792814.16,9869981.744,10009285.29,10161487.59,10323171.01,F,2018,forecast
1999,,,,,,G,2018,hindcast
2000,,,,,,G,2018,hindcast
2001,,,,,,G,2018,hindcast
2002,,,,,,G,2018,hindcast
2003,,,,,,G,2018,hindcast
2004,,,,,,G,2018,hindcast
2005,,,,,,G,2018,hindcast
2006,,,,,,G,2018,hindcast
2007,,,,,,G,2018,hindcast
2008,,,,,,G,2018,hindcast
2009,3498620.597,3818257.731,4122344.273,4419943.742,4720922.735,G,2018,hindcast
2010,3376427.698,3677901.372,4000451.421,4269065.086,4554761.381,G,2018,hindcast
2011,3292564.41,3600864.341,3914972.493,4240743.882,4484955.701,G,2018,hindcast
2012,3348720.997,3626037.92,3894059.918,4170328.07,4384956.761,G,2018,hindcast
2013,3439600.937,3692614.34,3973893.315,4224211.326,4469964.164,G,2018,hindcast
2014,3590164.84,3831604.355,4119385.233,4371204.032,4629407.187,G,2018,hindcast
2015,3754660.139,3991168.461,4244478.214,4488413.547,4727233.943,G,2018,hindcast
2016,4035023.975,4242273.528,4464946.64,4694603.467,4902655.475,G,2018,hindcast
2017,4268946.061,4471426.937,4689757.327,4918934.84,5087683.461,G,2018,hindcast
2018,4578335.68,4744781.987,4937287.782,5131903.418,5272719.694,G,2018,hindcast
2019,4858214.539,5023469.674,5180670.887,5349179.098,5482024.968,G,2018,forecast
2020,5116290.93,5241630.839,5385939.004,5531898.585,5653370.406,G,2018,forecast
2021,5363604.087,5472943.696,5582194.225,5693650.137,5781761.79,G,2018,forecast
2022,5544649.86,5651549.298,5736279.755,5824000.654,5894875.859,G,2018,forecast
2023,5724129.972,5794768.739,5863967.421,5933804.869,5991329.679,G,2018,forecast
2024,5877879.048,5925986.24,5977410.244,6025599.009,6063471.09,G,2018,forecast
1999,,,,,,A,2019,hindcast
2000,,,,,,A,2019,hindcast
2001,,,,,,A,2019,hindcast
2002,,,,,,A,2019,hindcast
2003,,,,,,A,2019,hindcast
2004,,,,,,A,2019,hindcast
2005,,,,,,A,2019,hindcast
2006,,,,,,A,2019,hindcast
2007,,,,,,A,2019,hindcast
2008,,,,,,A,2019,hindcast
2009,,,,,,A,2019,hindcast
2010,18660303.51,19233683.57,19904281.36,20634642.02,21250610.57,A,2019,hindcast
2011,20039129.31,20922814.78,21832762.37,22728224.16,23694409.45,A,2019,hindcast
2012,21602774.35,22693676.36,23985088.09,25217820.13,26486381.38,A,2019,hindcast
2013,23057508.85,24605487.82,26307897.23,27906132.39,29346918.17,A,2019,hindcast
2014,25224423.75,26895802.56,28681675.57,30472154.1,32122129.89,A,2019,hindcast
2015,24648532.08,26349178.07,28153744.83,29820826.24,31355839.91,A,2019,hindcast
2016,24355836.86,25507352.4,27091048.43,28692860.73,29949811,A,2019,hindcast
2017,22979284.71,24423049.83,25806868.7,27276793.05,28577677.83,A,2019,hindcast
2018,22137192.16,23341821.8,24536023.27,25875619.67,27102725.64,A,2019,hindcast
2019,21256228.46,22365377.51,23540148.74,24772855.96,25882271.76,A,2019,hindcast
2020,20225058.86,21078117.55,22158260.67,23357906.91,24327929.57,A,2019,forecast
2021,19674807.97,20342707.85,21222429.86,22060037.2,22791254.88,A,2019,forecast
2022,19142827.34,19702578.67,20359652.01,21000463.01,21626103.94,A,2019,forecast
2023,18649069.25,19166379.56,19814190.57,20468746.7,21037811.19,A,2019,forecast
2024,18463196.17,18975165.86,19577079.96,20245817.85,20899180.58,A,2019,forecast
2025,18241240.56,18764652.67,19514078.58,20171225.41,20738044.89,A,2019,forecast
1999,,,,,,B,2019,hindcast
2000,,,,,,B,2019,hindcast
2001,,,,,,B,2019,hindcast
2002,,,,,,B,2019,hindcast
2003,,,,,,B,2019,hindcast
2004,,,,,,B,2019,hindcast
2005,5706390.443,6046098.259,6481109.299,6912585.564,7352983.414,B,2019,hindcast
2006,6246293.591,6622637.368,7069228.728,7539672.32,7936753.443,B,2019,hindcast
2007,6980872.824,7365816.87,7886166.271,8428416.022,8910134.231,B,2019,hindcast
2008,7902844.214,8456195.337,9063967.684,9652632.31,10269056.4,B,2019,hindcast
2009,8858486.675,9640490.435,10410270.03,11168848.47,12016643.79,B,2019,hindcast
2010,10138837.8,10995608.2,12032809.86,13045769.76,14044508.02,B,2019,hindcast
2011,11462938.51,12579566.55,13865206.56,15165356.85,16226638.29,B,2019,hindcast
2012,12776612.45,14078180.11,15712656.08,17275098.24,18841739.83,B,2019,hindcast
2013,13800165.39,15410487.28,17253275.93,19239939.81,20698536.42,B,2019,hindcast
2014,14682070.15,16369467.33,18236992.65,20035205.67,21717540.66,B,2019,hindcast
2015,14839763.25,16564899.16,18558893.16,20319353.05,22033465.2,B,2019,hindcast
2016,14120837.04,15960622.97,17673916.63,19502645.55,21066800.06,B,2019,hindcast
2017,13517720.28,14905440.28,16497485.77,18194149.27,20029984.8,B,2019,hindcast
2018,12762620.38,14069560.5,15622764.33,17182258.7,18717188.09,B,2019,hindcast
2019,11899289.34,12987020.75,14493369.97,16073867.87,17372707.56,B,2019,hindcast
2020,10997117.3,12133406.13,13544153.87,14981228.94,16292277.12,B,2019,forecast
2021,10142379.13,11212400.42,12731045.82,13937372.01,15142563.06,B,2019,forecast
2022,9320436.106,10249214.05,11426887.38,12641256.45,13713965.57,B,2019,forecast
2023,8754045.247,9624804.723,10517234.93,11588836.06,12611660.37,B,2019,forecast
2024,8214530.478,8926856.425,9840275.292,10746737.44,11660781.91,B,2019,forecast
2025,7912308.496,8517736.513,9383124.344,10185730.44,11050417.26,B,2019,forecast
1999,,,,,,C,2019,hindcast
2000,,,,,,C,2019,hindcast
2001,,,,,,C,2019,hindcast
2002,,,,,,C,2019,hindcast
2003,,,,,,C,2019,hindcast
2004,,,,,,C,2019,hindcast
2005,,,,,,C,2019,hindcast
2006,,,,,,C,2019,hindcast
2007,,,,,,C,2019,hindcast
2008,,,,,,C,2019,hindcast
2009,12284032.89,14245715.64,16734957.25,19236716.14,21915749.96,C,2019,hindcast
2010,15613438.82,18267735.04,21065946.9,24415461.19,26770490.88,C,2019,hindcast
2011,19650830.22,22288896.65,25858702.68,29386696.78,32673527.35,C,2019,hindcast
2012,22551355.61,25907541.56,29763978.2,33877495.31,37801136.86,C,2019,hindcast
2013,25003224.82,28675378.51,33048639.79,37826683.31,41607447.09,C,2019,hindcast
2014,25921569.99,29112166.36,33629479.25,37890920.2,42929202.93,C,2019,hindcast
2015,25219647.08,28985655.95,33628135.84,38100860.44,41810906.17,C,2019,hindcast
2016,23023536.01,27262250.48,31505001.64,36435366.75,41048092.78,C,2019,hindcast
2017,21545681.13,24666910.58,28755483.96,33132258.72,37401120.73,C,2019,hindcast
2018,19193694.89,22482840.32,25996923.62,29993431.33,33491170.35,C,2019,hindcast
2019,16922716.56,19664489.54,23306475.59,26961480.56,30463578.54,C,2019,hindcast
2020,14526762.29,17115711.89,20430486.58,23373469.26,26683844.08,C,2019,forecast
2021,12344158.85,14505543.75,17189781.14,20049908.02,22346477.95,C,2019,forecast
2022,10284930.05,12283990.23,14580526.35,17017248.59,19297432.66,C,2019,forecast
2023,8080400.183,10006774.23,12102224.49,14544313.59,16975455.3,C,2019,forecast
2024,6631291.284,8605327.161,10856344.29,12901455.1,14703818.13,C,2019,forecast
2025,5531106.069,7049152.849,9189150.415,11032563.82,12951187.33,C,2019,forecast
1999,,,,,,D,2019,hindcast
2000,,,,,,D,2019,hindcast
2001,,,,,,D,2019,hindcast
2002,,,,,,D,2019,hindcast
2003,,,,,,D,2019,hindcast
2004,,,,,,D,2019,hindcast
2005,,,,,,D,2019,hindcast
2006,,,,,,D,2019,hindcast
2007,,,,,,D,2019,hindcast
2008,,,,,,D,2019,hindcast
2009,16116590.68,17550562.89,19149888.45,21093930.34,22811664.35,D,2019,hindcast
2010,17176279.72,18949664.7,20656226.96,22497023.49,24247622.03,D,2019,hindcast
2011,18445741.17,20158402.13,22257758.49,24059534.92,25867326.31,D,2019,hindcast
2012,20330241.81,21814933.67,23736293.16,25868093.4,27874310.2,D,2019,hindcast
2013,21086297.12,23049678.94,24994250.62,27213456.6,29100864.86,D,2019,hindcast
2014,21543932.88,23031712.24,25181391.06,27086892.59,29233675.23,D,2019,hindcast
2015,21378785.36,23167456.32,25068926.73,27205821.72,28961511.07,D,2019,hindcast
2016,21083837.15,22644613.53,24307250.57,26211268.43,27986596.96,D,2019,hindcast
2017,19810197.08,21240432.94,23242054.93,25114010.43,26910246.28,D,2019,hindcast
2018,19033855.47,20449344.05,22216623.37,23992739.29,25765055.39,D,2019,hindcast
2019,17863274.97,19187332.41,20786350.63,22557412.4,23892412.36,D,2019,hindcast
2020,17321914.52,18340413.43,19837353.52,21249221.99,22749081.18,D,2019,forecast
2021,15869804.76,17008770.56,18389744.74,19610185.82,20711149.7,D,2019,forecast
2022,14817519.59,15791960.48,16868570.09,18031644.65,19066203.36,D,2019,forecast
2023,13931401.23,14731755.98,15580840.46,16592921.07,17470863.08,D,2019,forecast
2024,13037827.05,13733969.41,14554163.63,15398032.66,16101885.81,D,2019,forecast
2025,12271874.88,12877948.31,13517329.62,14249122.76,14907942.11,D,2019,forecast
1999,4459177.402,4727300.876,5061478.369,5398308.008,5717003.058,E,2019,hindcast
2000,4461480.13,4750275.105,5076034.675,5382334.813,5679588.139,E,2019,hindcast
2001,4345911.155,4605485.566,4886322.811,5227047.605,5490294.44,E,2019,hindcast
2002,4446206.95,4715101.174,5001827.3,5327921.666,5622212.433,E,2019,hindcast
2003,4512740.507,4743417.335,5020587.166,5351375.903,5630714.841,E,2019,hindcast
2004,4615795.74,4850674.236,5145530.024,5476960.99,5769639.374,E,2019,hindcast
2005,4703414.844,5022493.635,5380404.168,5718335.556,5997267.508,E,2019,hindcast
2006,4965548.297,5276775.965,5678727.687,6026652.832,6454632.294,E,2019,hindcast
2007,5099024.809,5439613.17,5843761.8,6285669.669,6668124.63,E,2019,hindcast
2008,5303963.024,5645474.915,6113465.24,6541102.899,7025706.956,E,2019,hindcast
2009,5447866.101,5826636.733,6299951.773,6804290.854,7267140.648,E,2019,hindcast
2010,5593512.619,5945244.824,6440747.798,6985110.302,7430799.087,E,2019,hindcast
2011,5592323.209,6044409.319,6478316.183,6935553.131,7372123.385,E,2019,hindcast
2012,5685613.604,6120136.355,6598656.975,7126899.951,7589592.752,E,2019,hindcast
2013,5747816.897,6181766.666,6600551.158,7092299.235,7493648.716,E,2019,hindcast
2014,5550634.388,5957190.099,6404931.475,6854365.298,7306397.582,E,2019,hindcast
2015,5459270.938,5809165.156,6273076.428,6679854.708,7055310.261,E,2019,hindcast
2016,5259214.142,5601819.031,6018342.463,6427453.062,6795847.641,E,2019,hindcast
2017,4995948.381,5311431.932,5703405.352,6104091.972,6480006.912,E,2019,hindcast
2018,4756879.848,5082489.627,5420496.481,5800489.641,6129607.562,E,2019,hindcast
2019,4585687.005,4855333.01,5148087.094,5484435.836,5815745.578,E,2019,hindcast
2020,4399962.032,4646743.917,4924075.677,5207280.053,5453504.564,E,2019,forecast
2021,4215032.176,4422200.361,4635840.417,4888932.639,5090412.79,E,2019,forecast
2022,4043189.993,4187719.344,4403364.328,4587735.694,4795893.357,E,2019,forecast
2023,3870977.669,4014287.481,4187850.435,4346903.206,4500637.044,E,2019,forecast
2024,3717125.469,3847465.75,4014646.02,4164433.121,4313133.511,E,2019,forecast
2025,3562397.234,3686491.971,3830645.516,3986840.014,4137590.818,E,2019,forecast
1999,,,,,,F,2019,hindcast
2000,,,,,,F,2019,hindcast
2001,,,,,,F,2019,hindcast
2002,,,,,,F,2019,hindcast
2003,,,,,,F,2019,hindcast
2004,,,,,,F,2019,hindcast
2005,,,,,,F,2019,hindcast
2006,,,,,,F,2019,hindcast
2007,,,,,,F,2019,hindcast
2008,,,,,,F,2019,hindcast
2009,10251539.92,10738634.8,11396228.95,12203286.27,12834988.73,F,2019,hindcast
2010,10720875.53,11399704.66,12177465.27,12999178.05,13746645.83,F,2019,hindcast
2011,11024881.88,11763469.36,12772763.48,13696078.97,14848824.77,F,2019,hindcast
2012,11140318.91,11892617.82,12762236.85,13677292.27,14548743.36,F,2019,hindcast
2013,11041273.83,11627229.8,12452232.85,13305135.16,14039465.99,F,2019,hindcast
2014,11057694.47,11621372.97,12373925.84,13084156,13840142,F,2019,hindcast
2015,11049035.07,11813265.87,12697891.93,13595821.52,14509192.91,F,2019,hindcast
2016,10961587.91,11737783.12,12588768.39,13464308.49,14226946.92,F,2019,hindcast
2017,10545628.9,11028405.64,11672944.37,12281026.98,12819939.9,F,2019,hindcast
2018,10184196.73,10540673.44,10971141.69,11481315.94,11968998.9,F,2019,hindcast
2019,9772864.57,10074082.67,10497092.58,10941998.02,11317807.94,F,2019,hindcast
2020,9540427.062,9743724.897,10016569.45,10322392.05,10629004.28,F,2019,forecast
2021,9459069.868,9624039.309,9862354.703,10093663.18,10322036.9,F,2019,forecast
2022,9268447.762,9490005.246,9805330.494,10106745.07,10377532.22,F,2019,forecast
2023,9245992.156,9372531.541,9569814.354,9752250.564,9915096.253,F,2019,forecast
2024,9262469.384,9357620.005,9511166.551,9699253.225,9873400.252,F,2019,forecast
2025,9296764.283,9454450.593,9705510.493,10004649.43,10270746.88,F,2019,forecast
1999,,,,,,G,2019,hindcast
2000,,,,,,G,2019,hindcast
2001,,,,,,G,2019,hindcast
2002,,,,,,G,2019,hindcast
2003,,,,,,G,2019,hindcast
2004,,,,,,G,2019,hindcast
2005,,,,,,G,2019,hindcast
2006,,,,,,G,2019,hindcast
2007,,,,,,G,2019,hindcast
2008,,,,,,G,2019,hindcast
2009,3701873.032,3872705.952,4108530.196,4338114.749,4513610.612,G,2019,hindcast
2010,3603955.564,3784090.452,3974875.734,4189423.93,4384861.482,G,2019,hindcast
2011,3584268.337,3771190.021,3996106.335,4184525.137,4369753.721,G,2019,hindcast
2012,3592304.389,3750045.78,3936931.321,4127705.432,4314873.403,G,2019,hindcast
2013,3648599.757,3818291.791,3998200.114,4184455.427,4352098.862,G,2019,hindcast
2014,3769979.964,3929764.183,4109846.979,4274755.772,4428570.042,G,2019,hindcast
2015,3875543.591,4036145.049,4201871.78,4359960.669,4511336.565,G,2019,hindcast
2016,4039202.242,4171868.623,4336448.752,4500757.527,4632832.986,G,2019,hindcast
2017,4229149.165,4357275.939,4490152.509,4643145.489,4760766.639,G,2019,hindcast
2018,4407504.018,4533354.862,4659486.564,4784522.05,4895884.014,G,2019,hindcast
2019,4593363.59,4706405.143,4821458.922,4926246.714,5035429.316,G,2019,hindcast
2020,4766611.62,4858474.924,4960745.067,5050653.881,5125152.699,G,2019,forecast
2021,4931785.016,5006144.008,5081659.593,5161609.536,5219097.044,G,2019,forecast
2022,5081284.749,5140196.469,5195840.873,5256145.711,5315104.229,G,2019,forecast
2023,5188415.468,5235835.359,5280791.681,5324517.491,5362821.417,G,2019,forecast
2024,5285095.365,5320402.604,5353596.78,5381190.028,5407466.143,G,2019,forecast
2025,5356125.696,5377271.193,5402300.508,5425791.9,5445089.318,G,2019,forecast